254,44;105
249,96;106
245,04;105
238,59;105
235,36;105
230,72;106
230,37;106
229,32;106
230,17;106
265,66;105
272,29;105
272,51;106
276,55;106
283,12;106
273,41;106
272,01;106
275,43;106
287,18;105
300,52;106
301,17;106
300,71;106
261,95;106
255,45;107
254,7;106
247,85;106
226,39;106
223,76;107
220,63;107
219,49;107
221,66;107
230,86;106
245;106
264,84;106
312,55;107
310,11;107
309,69;107
310,98;107
309,08;106
305,5;106
303,57;106
305,09;107
309,41;107
320,08;107
312,85;107
303,82;106
259,11;106
247,83;106
244,94;106
242,95;106
239,15;106
235,22;106
230,94;106
228,17;105
227,15;106
229,55;106
233,33;106
237,41;106
277,88;106
278,68;105
277,91;105
280,48;105
283,86;105
278,52;105
276,62;105
279,4;105
287,59;104
299,57;104
300,6;104
295,05;105
256,14;105
247,94;105
246,19;104
239,82;104
230,03;104
226,03;104
220,24;104
216,16;104
217,94;104
227,54;104
247,61;104
269,7;103
318,84;104
317,39;104
315,05;104
317,11;104
314,71;104
312,36;104
309,73;103
310,49;104
315,09;104
330,76;104
322,52;104
315,46;104
263;103
251,55;103
249,44;103
238,01;104
230,81;104
229,66;104
226,01;104
224,31;103
225,98;103
234,27;103
244,87;103
263,3;103
318,02;103
321,12;103
318,14;103
316,86;102
313,96;103
307,18;103
305,28;103
308,92;102
315,57;102
334,48;102
332,58;101
324,53;102
269,7;102
260,63;102
256,41;101
246,71;101
247,06;101
242,22;100
239,86;101
237,41;101
233,99;100
236,13;100
238,77;100
244,48;100
255,03;99
266,1;99
266,52;99
266,36;99
262,95;99
254,89;99
251,73;99
254,16;98
265,01;98
274,29;98
277,46;98
273,25;98
263,45;98
253,62;97
251,83;97
244,45;97
243,09;97
238,88;97
237;97
233,3;97
231,93;96
232,09;96
230,44;96
232,97;96
239,05;96
245,7;96
248,7;96
253,76;96
251,89;95
243,98;96
242,13;96
245,33;96
251,35;95
266,95;95
272,91;95
264,98;95
256,15;95
248,49;95
247,37;95
233,39;95
235,08;95
230,27;95
230,18;94
229,11;94
230,53;95
232,1;95
255,15;94
276,91;94
318,81;94
314,14;94
309,25;94
306,05;94
301,74;94
297;94
297,73;94
297,21;94
296,83;94
305,5;94
298,39;94
288,02;94
246;94
239,54;94
238,9;94
228,88;93
222,72;94
221,47;94
221,03;94
222,86;94
225,41;94
234,21;94
242,37;93
259,93;94
306,2;94
302,76;94
304,27;94
304,8;94
303,4;94
298,57;94
297,35;94
299,63;94
303,68;94
309,3;94
303,08;94
292,06;94
255,18;94
244,08;94
240,39;94
231,37;94
228,24;94
225,31;94
223,2;94
220,9;94
223,55;94
228,73;95
237,38;95
244,72;95
290,23;95
285,14;94
283,36;94
284,44;95
284,6;95
283,68;95
281,28;95
283,42;95
288,02;95
298,62;95
300,03;95
289,34;95
250,27;95
240,36;95
237,59;95
231,72;95
230,03;95
226,03;95
220,24;96
216,16;96
217,94;96
227,54;96
247,61;96
269,7;95
318,84;96
317,39;96
315,05;96
317,11;96
314,71;96
312,36;96
309,73;96
310,49;96
315,09;97
330,76;97
322,52;97
315,46;97
263;96
251,55;96
249,44;97
238,01;97
230,81;97
229,66;97
226,01;97
224,31;97
225,98;97
234,27;97
244,87;98
263,3;98
318,02;98
321,12;98
318,14;97
316,86;97
313,96;98
307,18;98
305,28;98
308,92;98
315,57;98
334,48;98
332,58;98
324,53;98
269,7;99
260,63;99
256,41;99
246,71;99
247,06;98
242,22;98
239,86;99
237,41;99
233,99;99
236,13;99
238,77;99
244,48;99
255,03;99
266,1;99
266,52;100
266,36;100
262,95;100
254,89;100
251,73;99
254,16;99
265,01;100
274,29;100
277,46;100
273,25;100
263,45;100
253,62;100
251,83;100
244,45;100
243,09;101
238,88;101
237;101
233,3;101
231,93;101
232,09;100
230,44;101
232,97;101
239,05;101
245,7;101
248,7;101
253,76;101
251,89;101
243,98;101
242,13;102
245,33;102
251,35;102
266,95;102
272,91;102
264,98;101
256,15;102
248,49;102
247,37;102
233,39;102
235,08;103
230,27;102
230,18;102
229,11;102
230,53;103
232,1;103
255,15;103
276,91;103
318,81;103
314,14;102
309,25;103
306,05;103
301,74;104
297;104
297,73;104
297,21;103
296,83;103
305,5;103
298,39;104
288,02;104
246;104
239,54;104
238,9;104
228,88;103
222,72;104
221,47;105
221,03;105
222,86;105
225,41;95
234,21;98
242,37;102
259,93;108
306,2;126
302,76;125
304,27;125
304,8;126
303,4;125
298,57;123
297,35;123
299,63;124
303,68;125
309,3;127
303,08;125
292,06;121
255,18;106
244,08;102
240,39;101
231,37;97
228,24;96
225,31;95
223,2;94
220,9;93
223,55;94
228,73;96
237,38;100
244,72;102
290,23;120
285,14;118
283,36;117
284,44;118
284,6;118
283,68;117
281,28;116
283,42;117
288,02;119
298,62;123
300,03;124
289,34;120
250,27;105
240,36;101
237,59;100
231,72;97
230,03;97
226,03;95
220,24;93
216,16;91
217,94;92
227,54;96
247,61;104
269,7;112
318,84;131
317,39;130
315,05;129
317,11;130
314,71;129
312,36;128
309,73;127
310,49;128
315,09;129
330,76;136
322,52;132
315,46;130
263;109
251,55;105
249,44;104
238,01;100
230,81;97
229,66;97
226,01;95
224,31;95
225,98;95
234,27;98
244,87;102
263,3;110
318,02;131
321,12;132
318,14;131
316,86;130
313,96;129
307,18;126
305,28;126
308,92;127
315,57;130
334,48;137
332,58;136
324,53;133
269,7;112
260,63;109
256,41;107
246,71;103
247,06;103
242,22;101
239,86;101
237,41;100
233,99;98
236,13;99
238,77;100
244,48;102
255,03;106
266,1;111
266,52;111
266,36;111
262,95;109
254,89;106
251,73;105
254,16;106
265,01;110
274,29;114
277,46;115
273,25;113
263,45;110
253,62;106
251,83;105
244,45;102
243,09;102
238,88;100
237;99
233,3;98
231,93;98
232,09;98
230,44;97
232,97;98
239,05;100
245,7;103
248,7;104
253,76;106
251,89;105
243,98;102
242,13;101
245,33;103
251,35;105
266,95;111
272,91;113
264,98;110
256,15;107
248,49;104
247,37;103
233,39;98
235,08;99
230,27;97
230,18;97
229,11;96
230,53;97
232,1;98
255,15;106
276,91;115
318,81;131
314,14;129
309,25;127
306,05;126
301,74;124
297;123
297,73;123
297,21;123
296,83;122
305,5;126
298,39;123
288,02;119
246;103
239,54;100
238,9;100
228,88;96
222,72;94
221,47;93
221,03;93
222,86;94
225,41;95
234,21;98
242,37;102
259,93;108
306,2;126
302,76;125
304,27;125
304,8;126
303,4;125
298,57;123
297,35;123
299,63;124
303,68;125
309,3;127
303,08;125
292,06;121
255,18;106
244,08;102
240,39;101
231,37;97
228,24;96
225,31;95
223,2;94
220,9;93
223,55;94
228,73;96
237,38;100
244,72;102
290,23;120
285,14;118
283,36;117
284,44;118
284,6;118
283,68;117
281,28;116
283,42;117
288,02;119
298,62;123
300,03;124
289,34;120
250,27;105
240,36;101
237,59;100
231,72;97
230,03;97
226,03;95
220,24;93
216,16;91
217,94;92
227,54;96
247,61;104
269,7;112
318,84;131
317,39;130
315,05;129
317,11;130
314,71;129
312,36;128
309,73;127
310,49;128
315,09;129
330,76;136
322,52;132
315,46;130
263;109
251,55;105
249,44;104
238,01;100
230,81;97
229,66;97
226,01;95
224,31;95
225,98;95
234,27;98
244,87;102
263,3;110
318,02;131
321,12;132
318,14;131
316,86;130
313,96;129
307,18;126
305,28;126
308,92;127
315,57;130
334,48;137
332,58;136
324,53;133
269,7;112
260,63;109
256,41;107
246,71;103
247,06;103
242,22;101
239,86;101
237,41;100
233,99;98
236,13;99
238,77;100
244,48;102
255,03;106
266,1;111
266,52;111
266,36;111
262,95;109
254,89;106
251,73;105
254,16;106
265,01;110
274,29;114
277,46;115
273,25;113
263,45;110
253,62;106
251,83;105
244,45;102
243,09;102
238,88;100
237;99
233,3;98
231,93;98
232,09;98
230,44;97
232,97;98
239,05;100
245,7;103
248,7;104
253,76;106
251,89;105
243,98;102
242,13;101
245,33;103
251,35;105
266,95;111
272,91;113
264,98;110
256,15;107
248,49;104
247,37;103
233,39;98
235,08;99
230,27;97
230,18;97
229,11;96
230,53;97
232,1;98
255,15;106
276,91;115
318,81;131
314,14;129
309,25;127
306,05;126
301,74;124
297;123
297,73;123
297,21;123
296,83;122
305,5;126
298,39;123
288,02;119
246;103
239,54;100
238,9;100
228,88;96
222,72;94
221,47;93
221,03;93
222,86;94
225,41;95
234,21;98
242,37;102
259,93;108
306,2;126
302,76;125
304,27;125
304,8;126
303,4;125
298,57;123
297,35;123
299,63;124
303,68;125
309,3;127
303,08;125
292,06;121
255,18;106
244,08;102
240,39;101
231,37;97
228,24;96
225,31;95
223,2;94
220,9;93
223,55;94
228,73;96
237,38;100
244,72;102
290,23;120
285,14;118
283,36;117
284,44;118
284,6;118
283,68;117
281,28;116
283,42;117
288,02;119
298,62;123
300,03;124
289,34;120
250,27;105
240,36;101
237,59;100
231,72;97
237,03;99
233,94;98
230,01;97
227,03;96
228,84;96
237,64;100
255,21;106
281,7;117
328,56;135
325,12;133
311,69;128
310,83;128
306,19;126
302,55;125
301,43;124
303,19;125
308,44;127
325,02;133
333,2;136
319,83;131
268,5;112
257,35;107
253,74;106
244,23;102
240,04;101
237,89;100
235,47;99
233,76;98
234,62;99
240,73;101
254,54;106
272,69;113
316,96;130
316,83;130
311,58;128
307,7;127
304,1;125
296,07;122
293,95;121
297,2;123
304,93;126
320,48;132
323,43;133
315,75;130
268,15;111
259,83;108
256,56;107
247,5;104
246,87;103
243,22;102
242,23;101
238,53;100
238,35;100
238,06;100
240,94;101
246,52;103
257,12;107
258,83;108
252,87;106
247,5;104
240,83;101
233,25;98
231,69;97
234,65;99
242,66;102
259,18;108
269,14;112
264,33;110
251,97;105
239,22;100
238,22;100
228,25;96
216,14;91
213,74;91
216,57;92
211,74;90
209,59;89
213,89;91
212,73;90
219,92;93
221,51;94
229,06;96
234,38;98
238,29;100
236,79;99
223,91;94
218,21;92
229,4;97
238,75;100
260,24;108
269,85;112
265,89;111
255,37;107
246,13;103
249,55;104
240,83;101
226,27;95
223,42;94
227,08;96
224,4;95
216,04;91
231,64;97
256,88;107
276,71;115
308,58;127
305,58;126
299,89;124
301,2;124
298,5;123
296,89;122
291,82;121
297,08;123
301,77;124
313,98;129
328,06;134
315,55;130
274,05;114
262,49;109
261,13;109
252,66;105
251,29;105
248,81;104
247,19;103
244,96;103
246;103
249,55;104
264,16;110
285,63;118
327,5;134
322,78;132
315,59;130
309,49;127
302,28;125
300,06;124
296,1;122
293,81;121
294,35;122
311,8;128
315,39;130
309,01;127
266,52;111
257,9;108
254,87;106
245,37;103
236,52;99
233,31;98
232,96;98
227,79;96
230,57;97
235,62;99
250,43;105
273,69;114
316,59;130
315,63;130
307,53;127
303,4;125
294,71;122
290,7;120
289,22;120
291,31;120
298,37;123
314,93;129
331,94;136
316,65;130
271,38;113
258,66;108
255,02;106
246,59;103
244,62;102
242,44;102
240,39;101
238,54;100
240,36;101
248,36;104
263,41;110
294,35;122
339,46;139
334,02;137
309,38;127
305,58;126
298,68;123
293,72;121
294,15;121
296,91;123
302,81;125
320,31;132
345,08;141
325,34;133
274,58;114
263,74;110
258,61;108
251,03;105
249,88;104
246,72;103
245,56;103
243,82;102
243,86;102
247,77;104
264,82;110
282,71;117
316,98;130
313,6;129
306,06;126
299,55;124
295,24;122
285,94;118
283,6;117
286,46;118
295,27;122
307,43;127
315,28;130
307,98;127
267,11;111
259,55;108
257,24;107
248,82;104
246,87;103
243,22;102
242,23;101
238,53;100
238,35;100
238,06;100
240,94;101
246,52;103
257,12;107
258,83;108
252,87;106
247,5;104
240,83;101
233,25;98
231,69;97
234,65;99
242,66;102
259,18;108
269,14;112
264,33;110
251,97;105
239,22;100
238,22;100
228,25;96
216,14;91
213,74;91
216,57;92
211,74;90
209,59;89
213,89;91
212,73;90
219,92;93
221,51;94
229,06;96
234,38;98
238,29;100
236,79;99
223,91;94
218,21;92
229,4;97
238,75;100
260,24;108
269,85;112
265,89;111
255,37;107
246,13;103
249,55;104
240,83;101
226,27;95
223,42;94
227,08;96
224,4;95
216,04;91
231,64;97
256,88;107
276,71;115
308,58;127
305,58;126
299,89;124
301,2;124
298,5;123
296,89;122
291,82;121
297,08;123
301,77;124
313,98;129
328,06;134
315,55;130
274,05;114
262,49;109
261,13;109
252,66;105
251,29;105
248,81;104
247,19;103
244,96;103
246;103
249,55;104
264,16;110
285,63;118
327,5;134
322,78;132
315,59;130
309,49;127
302,28;125
300,06;124
296,1;122
293,81;121
294,35;122
311,8;128
315,39;130
309,01;127
266,52;111
257,9;108
254,87;106
245,37;103
236,52;99
233,31;98
232,96;98
227,79;96
230,57;97
235,62;99
250,43;105
273,69;114
316,59;130
315,63;130
307,53;127
303,4;125
294,71;122
290,7;120
289,22;120
291,31;120
298,37;123
314,93;129
331,94;136
316,65;130
271,38;113
258,66;108
255,02;106
246,59;103
244,62;102
242,44;102
240,39;101
238,54;100
240,36;101
248,36;104
263,41;110
294,35;122
339,46;139
334,02;137
309,38;127
305,58;126
298,68;123
293,72;121
294,15;121
296,91;123
302,81;125
320,31;132
345,08;141
325,34;133
274,58;114
263,74;110
258,61;108
251,03;105
249,88;104
246,72;103
245,56;103
243,82;102
243,86;102
247,77;104
264,82;110
282,71;117
316,98;130
313,6;129
306,06;126
299,55;124
295,24;122
285,94;118
283,6;117
286,46;118
295,27;122
307,43;127
315,28;130
307,98;127
267,11;111
259,55;108
257,24;107
248,82;104
246,87;103
243,22;102
242,23;101
238,53;100
238,35;100
238,06;100
240,94;101
246,52;103
257,12;107
258,83;108
252,87;106
247,5;104
240,83;101
233,25;98
231,69;97
234,65;99
242,66;102
259,18;108
269,14;112
264,33;110
251,97;105
239,22;100
238,22;100
228,25;96
216,14;91
213,74;91
216,57;92
211,74;90
209,59;89
213,89;91
212,73;90
219,92;93
221,51;94
229,06;96
234,38;98
238,29;100
236,79;99
223,91;94
218,21;92
229,4;97
238,75;100
260,24;108
269,85;112
265,89;111
255,37;107
246,13;103
249,55;104
240,83;101
226,27;95
223,42;94
227,08;96
224,4;95
216,04;91
231,64;97
256,88;107
276,71;115
308,58;127
305,58;126
299,89;124
301,2;124
298,5;123
296,89;122
291,82;121
297,08;123
301,77;124
313,98;129
328,06;134
315,55;130
274,05;114
262,49;109
261,13;109
252,66;105
251,29;105
248,81;104
247,19;103
244,96;103
246;103
249,55;104
264,16;110
285,63;118
327,5;134
322,78;132
315,59;130
309,49;127
302,28;125
300,06;124
296,1;122
293,81;121
294,35;122
311,8;128
315,39;130
309,01;127
266,52;111
257,9;108
254,87;106
245,37;103
236,52;99
233,31;98
232,96;98
227,79;96
230,57;97
235,62;99
250,43;105
273,69;114
316,59;130
315,63;130
307,53;127
303,4;125
294,71;122
290,7;120
289,22;120
291,31;120
298,37;123
314,93;129
331,94;136
316,65;130
271,38;113
258,66;108
255,02;106
246,59;103
244,62;102
242,44;102
240,39;101
238,54;100
240,36;101
248,36;104
263,41;110
294,35;122
339,46;139
334,02;137
309,38;127
305,58;126
298,68;123
293,72;121
294,15;121
296,91;123
302,81;125
320,31;132
345,08;141
325,34;133
274,58;114
263,74;110
258,61;108
251,03;105
249,88;104
246,72;103
245,56;103
243,82;102
243,86;102
247,77;104
264,82;110
282,71;117
316,98;130
313,6;129
306,06;126
299,55;124
295,24;122
285,94;118
283,6;117
286,46;118
295,27;122
307,43;127
315,28;130
307,98;127
267,11;111
259,55;108
257,24;107
248,82;104
246,87;103
243,22;102
242,23;101
238,53;100
238,35;100
238,06;100
240,94;101
246,52;103
257,12;107
258,83;108
252,87;106
247,5;104
240,83;101
233,25;98
231,69;97
234,65;99
242,66;102
259,18;108
269,14;112
264,33;110
251,97;105
239,22;100
238,22;100
228,25;96
216,14;91
213,74;91
216,57;92
211,74;90
209,59;89
213,89;91
212,73;90
219,92;93
221,51;94
229,06;96
234,38;98
238,29;100
236,79;99
223,91;94
218,21;92
229,4;97
238,75;100
260,24;108
269,85;112
265,89;111
255,37;107
246,13;103
249,55;104
240,83;101
226,27;95
223,42;94
227,08;96
224,4;95
216,04;91
231,64;97
256,88;107
276,71;115
308,58;127
305,58;126
299,89;124
301,2;124
298,5;123
296,89;122
291,82;121
297,08;123
301,77;124
313,98;129
328,06;134
315,55;130
274,05;114
262,49;109
261,13;109
252,66;105
251,29;105
248,81;104
247,19;103
244,96;103
246;103
249,55;104
264,16;110
285,63;118
327,5;134
322,78;132
315,59;130
309,49;127
302,28;125
300,06;124
296,1;122
293,81;121
294,35;122
311,8;128
315,39;130
309,01;127
266,52;111
257,9;108
254,87;106
245,37;103
236,52;99
233,31;98
232,96;98
227,79;96
230,57;97
235,62;99
250,43;105
273,69;114
316,59;130
315,63;130
307,53;127
303,4;125
294,71;122
290,7;120
289,22;120
291,31;120
298,37;123
314,93;129
331,94;136
316,65;130
271,38;113
258,66;108
255,02;106
246,59;103
244,62;102
242,44;102
240,39;101
238,54;100
240,36;101
248,36;104
263,41;110
294,35;122
339,46;139
334,02;137
309,38;127
305,58;126
298,68;123
293,72;121
294,15;121
296,91;123
302,81;125
320,31;132
345,08;141
325,34;133
274,58;114
263,74;110
258,61;108
251,03;105
243,84;102
239,9;101
234,9;99
232,69;98
234,66;99
241,27;101
260,81;109
275,29;114
304,63;125
294,23;121
279,5;116
273,28;113
269;112
262,7;109
261,61;109
271,1;113
279,71;116
294,27;121
304,6;125
304,83;126
264,18;110
255,46;107
253,19;106
246,51;103
239,43;100
233,85;98
230,35;97
224,07;94
221,9;94
224,08;94
227,83;96
227,69;96
218,38;92
210,25;89
201,23;86
195,77;84
171,97;74
173,49;75
176,44;76
193,36;83
206,05;88
230,55;97
254,16;106
266,63;111
249,73;104
228,09;96
237,23;100
221,84;94
215,25;91
207,31;88
203,12;86
206,44;88
206,12;88
205,53;87
201,88;86
205,71;87
205,08;87
212,94;90
205,12;87
197,7;84
186,67;80
163,44;71
162,73;71
168,43;73
194,01;83
214,62;91
248,74;104
262,21;109
254,77;106
247,41;103
248,48;104
240,5;101
234,68;99
230,14;97
228,74;96
227,78;96
228,18;96
239,89;101
265,06;110
285,9;118
314,84;129
297,06;123
282,11;117
271,02;113
264,85;110
258,94;108
256,22;107
257,05;107
262,76;109
284,14;118
315,14;130
326,2;134
278,38;115
266,91;111
259,67;108
249,65;104
246,19;103
244,97;103
241,89;101
240,89;101
242,4;102
252,05;105
271,2;113
290,04;120
318,61;131
301,59;124
287,92;119
280,98;116
277,84;115
272,35;113
272;113
274,49;114
281,7;117
293,93;121
318,93;131
330,9;136
284,89;118
271,03;113
266,34;111
256,22;107
250,77;105
247,17;103
244,1;102
243,63;102
244,48;102
251,68;105
270,11;112
283,68;117
307,3;127
290,02;120
276,34;115
273,01;113
269,12;112
266,45;111
264,86;110
267,49;111
273,28;113
287,89;119
306,9;126
325,49;133
278,42;115
266,24;111
260,24;108
248,64;104
237,22;100
225,52;95
223,68;94
222,8;94
223,27;94
237,32;100
257,42;107
275,05;114
300,09;124
293,87;121
283,79;117
276,14;115
275,05;114
270,05;112
268,26;111
270,88;112
276,49;115
288,49;119
305,96;126
321,85;132
268,99;112
254,44;106
248,91;104
232,11;98
239,54;100
234,8;99
225,93;95
223,25;94
227,17;96
236,5;99
258,57;108
269,6;112
291,23;120
273,74;114
251,76;105
245,84;103
241,59;101
238,32;100
238,48;100
254,66;106
263,07;109
280,06;116
292,89;121
300,73;124
263,02;109
253,13;106
250,9;105
245,97;103
239,43;100
233,85;98
230,35;97
224,07;94
221,9;94
224,08;94
227,83;96
227,69;96
218,38;92
210,25;89
201,23;86
195,77;84
171,97;74
173,49;75
176,44;76
193,36;83
206,05;88
230,55;97
254,16;106
266,63;111
249,73;104
228,09;96
237,23;100
221,84;94
215,25;91
207,31;88
203,12;86
206,44;88
206,12;88
205,53;87
201,88;86
205,71;87
205,08;87
212,94;90
205,12;87
197,7;84
186,67;80
163,44;71
162,73;71
168,43;73
194,01;83
214,62;91
248,74;104
262,21;109
254,77;106
247,41;103
248,48;104
240,5;101
234,68;99
230,14;97
228,74;96
227,78;96
228,18;96
239,89;101
265,06;110
285,9;118
314,84;129
297,06;123
282,11;117
271,02;113
264,85;110
258,94;108
256,22;107
257,05;107
262,76;109
284,14;118
315,14;130
326,2;134
278,38;115
266,91;111
259,67;108
249,65;104
246,19;103
244,97;103
241,89;101
240,89;101
242,4;102
252,05;105
271,2;113
290,04;120
318,61;131
301,59;124
287,92;119
280,98;116
277,84;115
272,35;113
272;113
274,49;114
281,7;117
293,93;121
318,93;131
330,9;136
284,89;118
271,03;113
266,34;111
256,22;107
250,77;105
247,17;103
244,1;102
243,63;102
244,48;102
251,68;105
270,11;112
283,68;117
307,3;127
290,02;120
276,34;115
273,01;113
269,12;112
266,45;111
264,86;110
267,49;111
273,28;113
287,89;119
306,9;126
325,49;133
278,42;115
266,24;111
260,24;108
248,64;104
237,22;100
225,52;95
223,68;94
222,8;94
223,27;94
237,32;100
257,42;107
275,05;114
300,09;124
293,87;121
283,79;117
276,14;115
275,05;114
270,05;112
268,26;111
270,88;112
276,49;115
288,49;119
305,96;126
321,85;132
268,99;112
254,44;106
248,91;104
232,11;98
239,54;100
234,8;99
225,93;95
223,25;94
227,17;96
236,5;99
258,57;108
269,6;112
291,23;120
273,74;114
251,76;105
245,84;103
241,59;101
238,32;100
238,48;100
254,66;106
263,07;109
280,06;116
292,89;121
300,73;124
263,02;109
253,13;106
250,9;105
245,97;103
239,43;100
233,85;98
230,35;97
224,07;94
221,9;94
224,08;94
227,83;96
227,69;96
218,38;92
210,25;89
201,23;86
195,77;84
171,97;74
173,49;75
176,44;76
193,36;83
206,05;88
230,55;97
254,16;106
266,63;111
249,73;104
228,09;96
237,23;100
221,84;94
215,25;91
207,31;88
203,12;86
206,44;88
206,12;88
205,53;87
201,88;86
205,71;87
205,08;87
212,94;90
205,12;87
197,7;84
186,67;80
163,44;71
162,73;71
168,43;73
194,01;83
214,62;91
248,74;104
262,21;109
254,77;106
247,41;103
248,48;104
240,5;101
234,68;99
230,14;97
228,74;96
227,78;96
228,18;96
239,89;101
265,06;110
285,9;118
314,84;129
297,06;123
282,11;117
271,02;113
264,85;110
258,94;108
256,22;107
257,05;107
262,76;109
284,14;118
315,14;130
326,2;134
278,38;115
266,91;111
259,67;108
249,65;104
246,19;103
244,97;103
241,89;101
240,89;101
242,4;102
252,05;105
271,2;113
290,04;120
318,61;131
301,59;124
287,92;119
280,98;116
277,84;115
272,35;113
272;113
274,49;114
281,7;117
293,93;121
318,93;131
330,9;136
284,89;118
271,03;113
266,34;111
256,22;107
250,77;105
247,17;103
244,1;102
243,63;102
244,48;102
251,68;105
270,11;112
283,68;117
307,3;127
290,02;120
276,34;115
273,01;113
269,12;112
266,45;111
264,86;110
267,49;111
273,28;113
287,89;119
306,9;126
325,49;133
278,42;115
266,24;111
260,24;108
248,64;104
237,22;100
225,52;95
223,68;94
222,8;94
223,27;94
237,32;100
257,42;107
275,05;114
300,09;124
293,87;121
283,79;117
276,14;115
275,05;114
270,05;112
268,26;111
270,88;112
276,49;115
288,49;119
305,96;126
321,85;132
268,99;112
254,44;106
248,91;104
232,11;98
239,54;100
234,8;99
225,93;95
223,25;94
227,17;96
236,5;99
258,57;108
269,6;112
291,23;120
273,74;114
251,76;105
245,84;103
241,59;101
238,32;100
238,48;100
254,66;106
263,07;109
280,06;116
292,89;121
300,73;124
263,02;109
253,13;106
250,9;105
245,97;103
239,43;100
233,85;98
230,35;97
224,07;94
221,9;94
224,08;94
227,83;96
227,69;96
218,38;92
210,25;89
201,23;86
195,77;84
171,97;74
173,49;75
176,44;76
193,36;83
206,05;88
230,55;97
254,16;106
266,63;111
249,73;104
228,09;96
237,23;100
221,84;94
215,25;91
207,31;88
203,12;86
206,44;88
206,12;88
205,53;87
201,88;86
205,71;87
205,08;87
212,94;90
205,12;87
197,7;84
186,67;80
163,44;71
162,73;71
168,43;73
194,01;83
214,62;91
248,74;104
262,21;109
254,77;106
247,41;103
248,48;104
240,5;101
234,68;99
230,14;97
228,74;96
227,78;96
228,18;96
239,89;101
265,06;110
285,9;118
314,84;129
297,06;123
282,11;117
271,02;113
264,85;110
258,94;108
256,22;107
257,05;107
262,76;109
284,14;118
315,14;130
326,2;134
278,38;115
266,91;111
259,67;108
249,65;104
246,19;103
244,97;103
241,89;101
240,89;101
242,4;102
252,05;105
271,2;113
290,04;120
318,61;131
301,59;124
287,92;119
280,98;116
277,84;115
272,35;113
272;113
274,49;114
281,7;117
293,93;121
318,93;131
330,9;136
284,89;118
271,03;113
266,34;111
256,22;107
250,77;105
247,17;103
244,1;102
243,63;102
244,48;102
251,68;105
270,11;112
283,68;117
307,3;127
290,02;120
276,34;115
273,01;113
269,12;112
266,45;111
264,86;110
267,49;111
273,28;113
287,89;119
306,9;126
325,49;133
278,42;115
266,24;111
260,24;108
248,64;104
237,22;100
225,52;95
223,68;94
222,8;94
223,27;94
237,32;100
257,42;107
275,05;114
300,09;124
293,87;121
283,79;117
276,14;115
275,05;114
270,05;112
268,26;111
270,88;112
276,49;115
288,49;119
305,96;126
321,85;132
268,99;112
254,44;106
248,91;104
232,11;98
248,74;104
242,28;101
235,29;99
230,93;97
233,14;98
240,75;101
257,65;107
269,33;112
291,95;121
279,13;116
258,32;108
250,63;105
237,41;100
210,01;89
199,23;85
199,03;85
209,5;89
245,74;103
275,74;114
286,73;119
257,34;107
247,13;103
246,01;103
242,04;101
237,52;100
231,41;97
228,84;96
225,43;95
224,22;95
225,85;95
229,94;97
231,62;97
230,47;97
227,54;96
217,47;92
211,14;90
196,2;84
187,66;80
182,83;79
184,9;79
202,43;86
231,06;97
252,12;105
265,79;111
258,42;108
242,04;101
245,06;103
234,55;99
230,35;97
220,97;93
218,95;93
218,82;92
218,53;92
215,67;91
215,82;91
216,99;92
221,94;94
214,78;91
196,78;84
187,48;80
177,46;77
166,09;72
165,31;72
176,41;76
187,6;80
210,38;89
238,91;100
243,27;102
246,49;103
240,68;101
230,17;97
163,4;71
151,95;67
133,06;59
132,51;59
140,55;62
134,04;60
142,12;63
148,05;65
216,44;92
214,85;91
205,93;88
206,06;88
189,5;81
170,73;74
162,28;71
166,01;72
181,45;78
215,83;91
240,13;101
264,93;110
210,78;89
197,78;84
192,79;82
180,44;78
196;84
193,9;83
192,3;82
192,67;82
196,8;84
206,67;88
238,13;100
263,63;110
317,67;130
282,13;117
258,51;108
252,73;106
247,13;103
240,84;101
237,84;100
241,98;101
247,01;103
265,17;110
292,11;121
315,4;130
268,22;111
248,21;104
233,45;98
217,61;92
216,12;91
210,78;89
210,2;89
209,55;89
209,84;89
212,74;90
246,02;103
280,2;116
337,06;138
290,82;120
269,77;112
269,31;112
257,76;107
254,71;106
251,45;105
253,17;106
250,18;105
263,05;109
278,89;116
306,42;126
250,82;105
234,89;99
223,18;94
204,98;87
204,79;87
201,43;86
199,25;85
201,2;86
203,42;87
207,46;88
235,79;99
264,7;110
324,04;133
285,46;118
269,31;112
260,65;109
250,5;105
237,52;100
234,05;98
234,51;99
242,27;101
260,38;108
275,75;114
304,14;125
251,4;105
236,79;99
223;94
211,57;90
210,67;89
206,36;88
203,83;87
203,13;86
205,81;87
213,69;90
229,19;96
245,75;103
307,61;127
280,97;116
270,95;113
264,53;110
255,27;106
242,26;101
235,33;99
232,2;98
241,31;101
261,64;109
284,25;118
301,87;124
249,03;104
238,21;100
231,16;97
223,38;94
222,36;94
211,91;90
208,24;88
205,44;87
203,05;86
204,45;87
210,36;89
214,05;91
221,76;94
221,15;93
209,47;89
204,23;87
198,91;85
184,35;79
173,76;75
170,12;74
181,26;78
203,62;87
217,82;92
234,72;99
239,62;100
230,61;97
222,52;94
212,73;90
212,15;90
203,07;86
199,95;85
200,73;86
199,95;85
197,66;84
195,97;84
196,79;84
199,75;85
195,15;83
177,19;76
173,71;75
173,34;75
158,99;69
150,75;66
151,05;66
154,44;68
168,46;73
202,38;86
223,04;94
232,03;98
227,53;96
220,56;93
195,49;83
186,34;80
179,16;77
171,06;74
169,8;74
174,3;75
176,47;76
197,9;84
212,67;90
293,01;121
277,11;115
253,08;106
249,2;104
235,32;99
221,24;93
214,14;91
216,23;91
223,52;94
247,42;103
272,06;113
295,25;122
243,72;102
231,41;97
215,58;91
195,98;84
196;84
193,9;83
192,3;82
192,67;82
196,8;84
206,67;88
238,13;100
263,63;110
317,67;130
282,13;117
258,51;108
252,73;106
247,13;103
240,84;101
237,84;100
241,98;101
247,01;103
265,17;110
292,11;121
315,4;130
268,22;111
248,21;104
233,45;98
217,61;92
216,12;91
210,78;89
210,2;89
209,55;89
209,84;89
212,74;90
246,02;103
280,2;116
337,06;138
290,82;120
269,77;112
269,31;112
257,76;107
254,71;106
251,45;105
253,17;106
250,18;105
263,05;109
278,89;116
306,42;126
250,82;105
234,89;99
223,18;94
204,98;87
204,79;87
201,43;86
199,25;85
201,2;86
203,42;87
207,46;88
235,79;99
264,7;110
324,04;133
285,46;118
269,31;112
260,65;109
250,5;105
237,52;100
234,05;98
234,51;99
242,27;101
260,38;108
275,75;114
304,14;125
251,4;105
236,79;99
223;94
211,57;90
210,67;89
206,36;88
203,83;87
203,13;86
205,81;87
213,69;90
229,19;96
245,75;103
307,61;127
280,97;116
270,95;113
264,53;110
255,27;106
242,26;101
235,33;99
232,2;98
241,31;101
261,64;109
284,25;118
301,87;124
249,03;104
238,21;100
231,16;97
223,38;94
222,36;94
211,91;90
208,24;88
205,44;87
203,05;86
204,45;87
210,36;89
214,05;91
221,76;94
221,15;93
209,47;89
204,23;87
198,91;85
184,35;79
173,76;75
170,12;74
181,26;78
203,62;87
217,82;92
234,72;99
239,62;100
230,61;97
222,52;94
212,73;90
212,15;90
203,07;86
199,95;85
200,73;86
199,95;85
197,66;84
195,97;84
196,79;84
199,75;85
195,15;83
177,19;76
173,71;75
173,34;75
158,99;69
150,75;66
151,05;66
154,44;68
168,46;73
202,38;86
223,04;94
232,03;98
227,53;96
220,56;93
195,49;83
186,34;80
179,16;77
171,06;74
169,8;74
174,3;75
176,47;76
197,9;84
212,67;90
293,01;121
277,11;115
253,08;106
249,2;104
235,32;99
221,24;93
214,14;91
216,23;91
223,52;94
247,42;103
272,06;113
295,25;122
243,72;102
231,41;97
215,58;91
195,98;84
196;84
193,9;83
192,3;82
192,67;82
196,8;84
206,67;88
238,13;100
263,63;110
317,67;130
282,13;117
258,51;108
252,73;106
247,13;103
240,84;101
237,84;100
241,98;101
247,01;103
265,17;110
292,11;121
315,4;130
268,22;111
248,21;104
233,45;98
217,61;92
216,12;91
210,78;89
210,2;89
209,55;89
209,84;89
212,74;90
246,02;103
280,2;116
337,06;138
290,82;120
269,77;112
269,31;112
257,76;107
254,71;106
251,45;105
253,17;106
250,18;105
263,05;109
278,89;116
306,42;126
250,82;105
234,89;99
223,18;94
204,98;87
204,79;87
201,43;86
199,25;85
201,2;86
203,42;87
207,46;88
235,79;99
264,7;110
324,04;133
285,46;118
269,31;112
260,65;109
250,5;105
237,52;100
234,05;98
234,51;99
242,27;101
260,38;108
275,75;114
304,14;125
251,4;105
236,79;99
223;94
211,57;90
210,67;89
204,4;87
200,59;85
197,19;84
198,76;85
205,65;87
219,21;93
233,65;98
292,74;121
275,41;114
260,56;109
252,61;105
236,8;99
204,33;87
189,9;81
179,93;78
190,77;82
228,86;96
263,9;110
279,79;116
226,52;95
215,85;91
212,34;90
206,96;88
205,2;87
196,67;84
194,02;83
192,37;82
191,06;82
192,29;82
197,47;84
201,06;86
208,47;88
209,33;89
197,93;84
191,7;82
186,04;80
169,4;73
157,76;69
149,45;66
166,26;72
193,87;83
210,22;89
226,1;95
229,67;97
219,63;93
214,02;91
206,34;88
205,15;87
195,19;83
192,04;82
192,46;82
192,09;82
189,9;81
187,28;80
189,18;81
191,66;82
186,11;80
162,76;71
157,23;69
158,73;69
140,46;62
132,68;59
131,06;59
133,59;60
146,25;65
185,11;80
203,56;87
215,03;91
206,38;88
196,34;84
156,07;68
148,57;65
135,73;61
113,33;52
112,64;52
122,79;56
111,36;51
117,4;53
120,17;55
205,81;87
205,31;87
191,94;82
195,76;84
175,27;76
152,31;67
141,62;63
146;64
162,32;71
198,09;84
219,16;93
250,14;105
202,79;86
189,36;81
180,11;78
162,98;71
196;84
193,9;83
192,3;82
192,67;82
196,8;84
206,67;88
238,13;100
263,63;110
317,67;130
282,13;117
258,51;108
252,73;106
247,13;103
240,84;101
237,84;100
241,98;101
247,01;103
265,17;110
292,11;121
315,4;130
268,22;111
248,21;104
233,45;98
217,61;92
216,12;91
210,78;89
210,2;89
209,55;89
209,84;89
212,74;90
246,02;103
280,2;116
337,06;138
290,82;120
269,77;112
269,31;112
257,76;107
254,71;106
251,45;105
253,17;106
250,18;105
263,05;109
278,89;116
306,42;126
250,82;105
234,89;99
223,18;94
204,98;87
204,79;87
201,43;86
199,25;85
201,2;86
203,42;87
207,46;88
235,79;99
264,7;110
324,04;133
285,46;118
269,31;112
260,65;109
250,5;105
237,52;100
234,05;98
234,51;99
242,27;101
260,38;108
275,75;114
304,14;125
251,4;105
236,79;99
223;94
211,57;90
210,67;89
206,36;88
203,83;87
203,13;86
205,81;87
213,69;90
229,19;96
245,75;103
307,61;127
280,97;116
270,95;113
264,53;110
255,27;106
242,26;101
235,33;99
232,2;98
241,31;101
261,64;109
284,25;118
301,87;124
249,03;104
238,21;100
231,16;97
223,38;94
222,36;94
211,91;90
208,24;88
205,44;87
203,05;86
204,45;87
210,36;89
214,05;91
221,76;94
221,15;93
209,47;89
204,23;87
198,91;85
184,35;79
173,76;75
170,12;74
181,26;78
203,62;87
217,82;92
234,72;99
239,62;100
230,61;97
222,52;94
212,73;90
212,15;90
203,07;86
199,95;85
200,73;86
199,95;85
197,66;84
195,97;84
196,79;84
199,75;85
195,15;83
177,19;76
173,71;75
173,34;75
158,99;69
150,75;66
151,05;66
154,44;68
168,46;73
202,38;86
223,04;94
232,03;98
227,53;96
220,56;93
195,49;83
186,34;80
179,16;77
171,06;74
169,8;74
174,3;75
176,47;76
197,9;84
212,67;90
293,01;121
277,11;115
253,08;106
249,2;104
235,32;99
221,24;93
214,14;91
216,23;91
223,52;94
247,42;103
272,06;113
295,25;122
243,72;102
231,41;97
215,58;91
195,98;84
196;84
193,9;83
192,3;82
192,67;82
196,8;84
206,67;88
238,13;100
263,63;110
317,67;130
282,13;117
258,51;108
252,73;106
247,13;103
240,84;101
237,84;100
241,98;101
247,01;103
265,17;110
292,11;121
315,4;130
268,22;111
248,21;104
233,45;98
217,61;92
227,38;96
220,41;93
216,9;92
215,52;91
215,64;91
215,36;91
227,1;96
245,56;103
292,84;121
268,54;112
256,58;107
255,15;106
249,11;104
245,68;103
241,48;101
239,87;101
241,52;101
249,34;104
260,89;109
280,76;116
244,26;102
232,94;98
222,75;94
206,51;88
227,7;96
220,51;93
216,28;91
214,32;91
214,5;91
216,24;91
221,59;94
229,08;96
267,26;111
257,49;107
252,93;106
250,01;104
248,49;104
241,38;101
236,94;99
235,26;99
239,68;100
247,01;103
259,49;108
274,98;114
250,44;105
243,3;102
236,55;99
221,71;94
227,08;96
210,64;89
202,75;86
196,22;84
196,97;84
211,79;90
239,36;100
259;108
298,42;123
279,43;116
263,6;110
254,08;106
243,87;102
226,7;96
216,32;92
217,69;92
222,31;94
237,03;99
262,39;109
279,52;116
252,96;106
248,9;104
244,26;102
232,35;98
218,57;92
204,84;87
201,54;86
198,05;84
196,88;84
193,96;83
190,83;82
194,44;83
196,03;84
190,52;82
174,22;75
162,94;71
159,11;70
139,69;62
127,73;57
131,6;59
148,47;65
176,76;76
198,16;85
223,66;94
228,46;96
225,19;95
220,33;93
201,95;86
183,92;79
172,94;75
167,17;73
159,87;70
158,8;69
155,63;68
152,43;67
157,41;69
157,54;69
153,74;67
140,88;62
135,55;60
122,33;55
94,69;45
70,3;35
75,67;37
101,04;47
149,94;66
204,16;87
233,03;98
244,25;102
238,18;100
234,74;99
216,01;91
208,35;88
192,7;82
188,97;81
185,64;80
183,9;79
192,66;82
220,49;93
241,55;101
283,14;117
256,6;107
235,91;99
231,84;97
226,6;95
224,16;95
224,42;95
227,57;96
233,24;98
254,38;106
277,29;115
293,24;121
263,19;110
252,71;106
244,75;102
227,36;96
216,24;91
205,96;88
192,03;82
179,32;77
180,63;78
193,35;83
230,22;97
248,63;104
287,59;119
274,44;114
262,29;109
257,3;107
246,46;103
234,75;99
218,3;92
217,12;92
219,24;93
240,41;101
264,72;110
276,31;115
244,95;103
242,68;102
238,23;100
224,18;95
208,81;89
200,13;85
196,77;84
196,42;84
201,31;86
215,42;91
240,8;101
258,13;108
295,26;122
276,73;115
267,3;111
262,73;109
238,39;100
223,91;94
206,13;88
208,84;89
213,02;90
244,77;102
270,29;112
286,2;118
254,25;106
247,52;104
242,25;101
222,31;94
223,74;94
219,13;93
215,93;91
215,12;91
214,47;91
218,72;92
228,88;96
237,45;100
276,83;115
263,82;110
258,52;108
254,29;106
253,74;106
241,98;101
237,67;100
237,62;100
240,49;101
253,11;106
268,46;112
288,8;119
258,88;108
257,06;107
253,18;106
240,19;101
236,67;99
222,58;94
215,56;91
209,12;89
209,5;89
222,24;94
241,37;101
256,93;107
295,29;122
282,84;117
266,7;111
259,37;108
254,24;106
241,77;101
234,45;98
234,5;98
236,87;99
248,78;104
272,43;113
284,03;118
258,37;108
258,26;108
254,09;106
242,34;102
218,57;92
204,84;87
201,54;86
198,05;84
196,88;84
193,96;83
190,83;82
194,44;83
196,03;84
190,52;82
174,22;75
162,94;71
159,11;70
139,69;62
127,73;57
131,6;59
148,47;65
176,76;76
198,16;85
223,66;94
228,46;96
225,19;95
220,33;93
201,95;86
183,92;79
172,94;75
167,17;73
159,87;70
158,8;69
155,63;68
152,43;67
157,41;69
157,54;69
153,74;67
140,88;62
135,55;60
122,33;55
94,69;45
70,3;35
75,67;37
101,04;47
149,94;66
204,16;87
233,03;98
244,25;102
238,18;100
234,74;99
216,01;91
208,35;88
192,7;82
188,97;81
185,64;80
183,9;79
192,66;82
220,49;93
241,55;101
283,14;117
256,6;107
235,91;99
231,84;97
226,6;95
224,16;95
224,42;95
227,57;96
233,24;98
254,38;106
277,29;115
293,24;121
263,19;110
252,71;106
244,75;102
227,36;96
216,24;91
205,96;88
192,03;82
179,32;77
180,63;78
193,35;83
230,22;97
248,63;104
287,59;119
274,44;114
262,29;109
257,3;107
246,46;103
234,75;99
218,3;92
217,12;92
219,24;93
240,41;101
264,72;110
276,31;115
244,95;103
242,68;102
238,23;100
224,18;95
208,81;89
200,13;85
196,77;84
196,42;84
201,31;86
215,42;91
240,8;101
258,13;108
295,26;122
276,73;115
267,3;111
262,73;109
238,39;100
223,91;94
206,13;88
208,84;89
213,02;90
244,77;102
270,29;112
286,2;118
254,25;106
247,52;104
242,25;101
222,31;94
220,15;93
214,4;91
212,43;90
210,62;89
211,05;89
218,06;92
238,93;100
251,39;105
288,05;119
270,58;112
264,24;110
260,78;109
258,21;108
247,79;104
244,07;102
245,72;103
248,19;104
260,18;108
277,96;115
296,84;122
266,97;111
259,35;108
254,53;106
239,09;100
227,08;96
210,64;89
202,75;86
196,22;84
196,97;84
211,79;90
239,36;100
259;108
298,42;123
279,43;116
263,6;110
254,08;106
243,87;102
226,7;96
216,32;92
217,69;92
222,31;94
237,03;99
262,39;109
279,52;116
252,96;106
248,9;104
244,26;102
232,35;98
181,84;78
160,36;70
155,8;68
153,25;67
152,59;67
150,68;66
148,74;66
151,33;67
152,11;67
141,99;63
110,59;51
90;43
87,33;42
61,79;32
54,87;29
62,45;32
82,66;40
127,4;57
159,66;70
203,5;87
210,27;89
211,44;90
207,75;88
179,49;77
167,36;73
154,74;68
153,07;67
140,76;62
142,92;63
136,55;61
134,9;60
146,47;65
144,89;64
143,51;64
130,51;59
124,36;56
115,25;53
94,14;45
66,26;34
68,9;35
97,16;46
139,74;62
207,08;88
241,31;101
249,82;104
244,1;102
240,03;101
218,5;92
207,64;88
173,95;75
167,14;73
161,29;70
157,05;69
165,63;72
184,47;79
199,72;85
245,47;103
219,82;93
189,17;81
186,78;80
184,17;79
184,87;79
192,21;82
199,36;85
214,4;91
246,27;103
275,51;114
287,29;119
250,54;105
238,16;100
233,35;98
216,87;92
216,24;91
205,96;88
192,03;82
179,32;77
180,63;78
193,35;83
230,22;97
248,63;104
287,59;119
274,44;114
262,29;109
257,3;107
246,46;103
234,75;99
218,3;92
217,12;92
219,24;93
240,41;101
264,72;110
276,31;115
244,95;103
242,68;102
238,23;100
224,18;95
208,81;89
200,13;85
196,77;84
196,42;84
201,31;86
215,42;91
240,8;101
258,13;108
295,26;122
276,73;115
267,3;111
262,73;109
238,39;100
223,91;94
206,13;88
208,84;89
213,02;90
244,77;102
270,29;112
286,2;118
254,25;106
247,52;104
242,25;101
222,31;94
220,15;93
214,4;91
212,43;90
210,62;89
211,05;89
218,06;92
238,93;100
251,39;105
288,05;119
270,58;112
264,24;110
260,78;109
258,21;108
247,79;104
244,07;102
245,72;103
248,19;104
260,18;108
277,96;115
296,84;122
266,97;111
259,35;108
254,53;106
239,09;100
227,08;96
210,64;89
202,75;86
196,22;84
196,97;84
211,79;90
239,36;100
259;108
298,42;123
279,43;116
263,6;110
254,08;106
243,87;102
226,7;96
216,32;92
217,69;92
222,31;94
237,03;99
262,39;109
279,52;116
252,96;106
248,9;104
244,26;102
232,35;98
218,57;92
204,84;87
201,54;86
198,05;84
196,88;84
193,96;83
190,83;82
194,44;83
196,03;84
190,52;82
174,22;75
162,94;71
159,11;70
139,69;62
127,73;57
131,6;59
148,47;65
176,76;76
198,16;85
223,66;94
228,46;96
225,19;95
220,33;93
201,95;86
183,92;79
172,94;75
167,17;73
159,87;70
158,8;69
155,63;68
152,43;67
157,41;69
157,54;69
153,74;67
140,88;62
135,55;60
122,33;55
94,69;45
70,3;35
75,67;37
101,04;47
149,94;66
204,16;87
233,03;98
244,25;102
238,18;100
234,74;99
216,01;91
208,35;88
192,7;82
188,97;81
185,64;80
183,9;79
192,66;82
220,49;93
241,55;101
283,14;117
256,6;107
235,91;99
231,84;97
226,6;95
224,16;95
224,42;95
227,57;96
233,24;98
254,38;106
277,29;115
293,24;121
263,19;110
252,71;106
244,75;102
227,36;96
216,24;91
205,96;88
192,03;82
179,32;77
180,63;78
193,35;83
230,22;97
248,63;104
287,59;119
274,44;114
262,29;109
257,3;107
246,46;103
234,75;99
218,3;92
217,12;92
219,24;93
240,41;101
264,72;110
276,31;115
244,95;103
242,68;102
238,23;100
224,18;95
208,81;89
200,13;85
196,77;84
196,42;84
201,31;86
215,42;91
240,8;101
258,13;108
295,26;122
276,73;115
267,3;111
262,73;109
238,39;100
223,91;94
206,13;88
208,84;89
213,02;90
244,77;102
270,29;112
286,2;118
254,25;106
247,52;104
242,25;101
222,31;94
223,77;94
219,17;93
215,97;91
215,17;91
214,5;91
218,72;92
228,78;96
237,31;100
276,72;115
263,75;110
258,46;108
254,22;106
253,7;106
241,92;101
237,61;100
237,54;100
240,41;101
253,04;106
268,37;112
288,72;119
258,8;108
257,04;107
253,16;106
240,2;101
236,76;99
222,7;94
215,68;91
209,25;89
209,62;89
222,35;94
241,39;101
256,91;107
295,26;122
282,88;117
266,73;111
259,42;108
254,34;106
241,92;101
234,63;99
234,67;99
237,01;99
248,9;104
272,53;113
284,07;118
258,42;108
258,36;108
254,19;106
242,44;102
223,77;94
210,45;89
205,65;87
201,14;86
197,46;84
195,18;83
196;84
201,64;86
204,59;87
199,03;85
182,7;79
171,85;74
164,71;72
149,71;66
137,98;61
141,17;63
153,91;68
175,54;76
198,28;85
221,99;94
227,88;96
226,23;95
220,03;93
202,78;86
196,14;84
182,04;78
177,45;77
174,86;76
171,01;74
165,8;72
166,42;72
169,5;74
169,37;73
167,79;73
161,29;70
159,54;70
155,2;68
129,1;58
113,5;52
124,53;56
152,57;67
175,96;76
211,74;90
235,26;99
244,08;102
245,57;103
245,87;103
232,16;98
216,78;92
206,51;88
203,26;86
201,16;86
201,21;86
208,1;88
241,01;101
259,25;108
286,18;118
277,21;115
264,99;110
257,93;108
251,11;105
241,86;101
239,04;100
247,83;104
255,12;106
268,52;112
280,27;116
298,69;123
273,01;113
258,43;108
252,02;105
239,18;100
222,07;94
212,07;90
208,95;89
206,93;88
207,47;88
214,37;91
242,86;102
258,79;108
292,76;121
280,43;116
268,63;112
264,44;110
257,76;107
250,91;105
247,84;104
249,9;104
255,4;107
270,11;112
281,97;117
292,07;121
265,04;110
255,74;107
247,81;104
232,65;98
221,29;93
215,88;91
212,54;90
210,51;89
211,78;90
217,71;92
244,59;102
263,49;110
297,33;123
282,52;117
270,5;112
262,17;109
257,17;107
255,28;106
254,18;106
251,93;105
256,4;107
270,37;112
287,59;119
312,32;128
280,34;116
263,18;110
247,65;104
225,09;95
217,64;92
212,33;90
208,01;88
203,16;86
205,37;87
210,12;89
224,33;95
248,11;104
285,17;118
273,92;114
255,45;107
249,75;104
245,41;103
236,18;99
235,99;99
238,84;100
250,33;105
267,01;111
281,07;116
307,97;127
273,69;114
260,29;108
248,98;104
236,83;99
228,57;96
219,36;93
212,39;90
210,15;89
210,09;89
215,91;91
243,23;102
261,08;109
290,86;120
278,39;115
266,07;111
261,14;109
255,4;107
241,36;101
240,89;101
241,19;101
243,4;102
266,21;111
280,89;116
285,96;118
260,77;109
253,23;106
247,14;103
234,99;99
179,6;77
158,44;69
152,37;67
148,82;66
145,65;64
144,38;64
146,41;65
151,02;66
153,15;67
142,94;63
111,35;51
91,1;43
85,12;41
63,95;33
57,31;30
64,24;33
80,37;39
118,6;54
152,31;67
194,54;83
202,42;86
205,26;87
200,25;85
173,02;75
162,97;71
148,79;66
147,75;65
137,72;61
138,54;62
131,12;59
131,39;59
142,08;63
140,35;62
140,1;62
130,26;58
125,88;57
121,23;55
100,95;47
77,42;38
82,84;40
112,45;52
142,28;63
200,57;85
232,2;98
239,5;100
237,54;100
235,32;99
216,26;91
201,53;86
170,34;74
163,73;71
158,46;69
155,1;68
162,74;71
184,02;79
197,81;84
233,25;98
216,35;92
189,82;81
185,96;80
182,6;79
179,94;78
185,82;80
195,82;84
211,75;90
239,88;101
263,63;110
276,59;115
245;103
230,56;97
226,55;95
212,35;90
222,07;94
212,07;90
208,95;89
206,93;88
207,47;88
214,37;91
242,86;102
258,79;108
292,76;121
280,43;116
268,63;112
264,44;110
257,76;107
250,91;105
247,84;104
249,9;104
255,4;107
270,11;112
281,97;117
292,07;121
265,04;110
255,74;107
247,81;104
232,65;98
221,29;93
215,88;91
212,54;90
210,51;89
211,78;90
217,71;92
244,59;102
263,49;110
297,33;123
282,52;117
270,5;112
262,17;109
257,17;107
255,28;106
254,18;106
251,93;105
256,4;107
270,37;112
287,59;119
312,32;128
280,34;116
263,18;110
247,65;104
225,09;95
217,64;92
212,33;90
208,01;88
203,16;86
205,37;87
210,12;89
224,33;95
248,11;104
285,17;118
273,92;114
255,45;107
249,75;104
245,41;103
236,18;99
235,99;99
238,84;100
250,33;105
267,01;111
281,07;116
307,97;127
273,69;114
260,29;108
248,98;104
236,83;99
228,57;96
219,36;93
212,39;90
210,15;89
210,09;89
215,91;91
243,23;102
261,08;109
290,86;120
278,39;115
266,07;111
261,14;109
255,4;107
241,36;101
240,89;101
241,19;101
243,4;102
266,21;111
280,89;116
285,96;118
260,77;109
253,23;106
247,14;103
234,99;99
235,5;99
222,58;94
216,27;91
210,74;89
204,51;87
202,88;86
207,69;88
215,37;91
219,71;93
214,1;91
197,73;84
187,32;80
176,83;76
166,3;72
154,8;68
157,3;69
165,89;72
180,77;78
204,86;87
226,76;96
233,76;98
233,75;98
226,2;95
210,09;89
196,14;84
182,04;78
177,45;77
174,86;76
171,01;74
165,8;72
166,42;72
169,5;74
169,37;73
167,79;73
161,29;70
159,54;70
155,2;68
129,1;58
113,5;52
124,53;56
152,57;67
175,96;76
211,74;90
235,26;99
244,08;102
245,57;103
245,87;103
232,16;98
216,78;92
206,51;88
203,26;86
201,16;86
201,21;86
208,1;88
241,01;101
259,25;108
286,18;118
277,21;115
264,99;110
257,93;108
251,11;105
241,86;101
239,04;100
247,83;104
255,12;106
268,52;112
280,27;116
298,69;123
273,01;113
258,43;108
252,02;105
239,18;100
222,07;94
212,07;90
208,95;89
206,93;88
207,47;88
214,37;91
242,86;102
258,79;108
292,76;121
280,43;116
268,63;112
264,44;110
257,76;107
250,91;105
247,84;104
249,9;104
255,4;107
270,11;112
281,97;117
292,07;121
265,04;110
255,74;107
247,81;104
232,65;98
221,29;93
215,88;91
212,54;90
210,51;89
211,78;90
217,71;92
244,59;102
263,49;110
297,33;123
282,52;117
270,5;112
262,17;109
257,17;107
255,28;106
254,18;106
251,93;105
256,4;107
270,37;112
287,59;119
312,32;128
280,34;116
263,18;110
247,65;104
225,09;95
217,64;92
212,33;90
208,01;88
203,16;86
205,37;87
210,12;89
224,33;95
248,11;104
285,17;118
273,92;114
255,45;107
249,75;104
245,41;103
236,18;99
235,99;99
238,84;100
250,33;105
267,01;111
281,07;116
307,97;127
273,69;114
260,29;108
248,98;104
236,83;99
228,57;96
219,36;93
212,39;90
210,15;89
210,09;89
215,91;91
243,23;102
261,08;109
290,86;120
278,39;115
266,07;111
261,14;109
255,4;107
241,36;101
240,89;101
241,19;101
243,4;102
266,21;111
280,89;116
285,96;118
260,77;109
253,23;106
247,14;103
234,99;99
235,5;99
222,58;94
216,27;91
210,74;89
204,51;87
202,88;86
207,69;88
215,37;91
219,71;93
214,1;91
197,73;84
187,32;80
176,83;76
166,3;72
154,8;68
157,3;69
165,89;72
180,77;78
204,86;87
226,76;96
233,76;98
233,75;98
226,2;95
210,09;89
196,14;84
182,04;78
177,45;77
174,86;76
171,01;74
165,8;72
166,42;72
169,5;74
169,37;73
167,79;73
161,29;70
159,54;70
155,2;68
129,1;58
113,5;52
124,53;56
152,57;67
175,96;76
211,74;90
235,26;99
244,08;102
245,57;103
245,87;103
232,16;98
216,78;92
206,51;88
203,26;86
201,16;86
201,21;86
208,1;88
241,01;101
259,25;108
286,18;118
277,21;115
264,99;110
257,93;108
251,11;105
241,86;101
239,04;100
247,83;104
255,12;106
268,52;112
280,27;116
298,69;123
273,01;113
258,43;108
252,02;105
239,18;100
222,07;94
212,07;90
208,95;89
206,93;88
207,47;88
214,37;91
242,86;102
258,79;108
292,76;121
280,43;116
268,63;112
264,44;110
257,76;107
250,91;105
247,84;104
249,9;104
255,4;107
270,11;112
281,97;117
292,07;121
265,04;110
255,74;107
247,81;104
232,65;98
221,29;93
215,88;91
212,54;90
210,51;89
211,78;90
217,71;92
244,59;102
263,49;110
297,33;123
282,52;117
270,5;112
262,17;109
257,17;107
255,28;106
254,18;106
251,93;105
256,4;107
270,37;112
287,59;119
312,32;128
280,34;116
263,18;110
247,65;104
225,09;95
217,64;92
212,33;90
208,01;88
203,16;86
205,37;87
210,12;89
224,33;95
248,11;104
285,17;118
273,92;114
255,45;107
249,75;104
245,41;103
236,18;99
235,99;99
238,84;100
250,33;105
267,01;111
281,07;116
307,97;127
273,69;114
260,29;108
248,98;104
236,83;99
228,57;96
219,36;93
212,39;90
210,15;89
210,09;89
215,91;91
243,23;102
261,08;109
290,86;120
278,39;115
266,07;111
261,14;109
255,4;107
241,36;101
240,89;101
241,19;101
243,4;102
266,21;111
280,89;116
285,96;118
260,77;109
253,23;106
247,14;103
234,99;99
235,5;99
222,58;94
216,27;91
210,74;89
204,51;87
202,88;86
207,69;88
215,37;91
219,71;93
214,1;91
197,73;84
187,32;80
176,83;76
166,3;72
154,8;68
157,3;69
165,89;72
180,77;78
204,86;87
226,76;96
233,76;98
233,75;98
226,2;95
210,09;89
196,14;84
182,04;78
177,45;77
174,86;76
171,01;74
165,8;72
166,42;72
169,5;74
169,37;73
167,79;73
161,29;70
159,54;70
155,2;68
129,1;58
113,5;52
124,53;56
152,57;67
175,96;76
211,74;90
235,26;99
244,08;102
245,57;103
245,87;103
232,16;98
211,97;90
201,7;86
198,08;84
196,22;84
197,14;84
204,57;87
237,58;100
254,79;106
290,7;120
282,68;117
272,03;113
267,23;111
260,86;109
252,07;105
248,07;104
252,12;105
258,94;108
274,06;114
287,44;119
305,14;126
272,46;113
259,4;108
250,6;105
236,54;99
215,9;91
205,3;87
199,94;85
195,79;84
194,17;83
202,95;86
229,46;97
249,96;104
293,47;121
277,58;115
264,61;110
260,4;108
251,33;105
245,88;103
242,24;101
244,76;102
249,51;104
263,3;110
282,33;117
295,12;122
254,02;106
250,79;105
241,48;101
219,85;93
208,44;88
198,76;85
194,78;83
196,22;84
197,07;84
204,06;87
233,7;98
254,65;106
302,86;125
287,31;119
273,47;113
266,6;111
258,78;108
249,34;104
243,58;102
240,88;101
240,92;101
255,72;107
279,33;116
299,15;123
257,04;107
246,1;103
237,39;100
218,25;92
201,57;86
192,69;82
188,51;81
186,27;80
186,92;80
193,99;83
222,07;94
240,84;101
283,29;117
271,04;113
249,41;104
244,65;102
238,61;100
232,29;98
227,5;96
230,86;97
233,73;98
263,5;110
285,92;118
300,71;124
258,64;108
247,86;104
239,25;100
221,14;93
208,39;88
195,66;84
191,01;82
188,28;81
189,27;81
199,25;85
226,47;95
243,89;102
291,64;120
273,95;114
266,47;111
260,04;108
255,41;107
241,45;101
232,59;98
231,21;97
232,84;98
251,41;105
267,46;111
289,77;120
252,75;106
242,75;102
232,99;98
218,17;92
204,06;87
194,9;83
184,41;79
177,61;77
173,37;75
171,88;74
179,37;77
187,07;80
189,1;81
178,99;77
167,41;73
161,08;70
152,23;67
141,2;63
135,88;61
135,08;60
149,16;66
171,29;74
203,35;87
220,19;93
223,67;94
221,98;94
215,77;91
203,98;87
198,34;85
185,9;80
178,43;77
171,74;74
168,69;73
168,59;73
170,85;74
174,08;75
178,01;77
173,15;75
165,36;72
163,75;71
160,5;70
146,85;65
141,44;63
140,6;62
148,65;65
172,43;75
203,02;86
222,78;94
229,65;97
234,66;99
240,41;101
228,58;96
203,17;86
192,89;82
188,89;81
187,28;80
189,08;81
197,05;84
230,15;97
246,34;103
293,23;121
286,18;118
277,1;115
274,6;114
268,68;112
260,34;108
255,15;106
254,42;106
260,76;109
277,61;115
292,63;121
309,63;127
267,96;111
256,42;107
245,22;103
229,92;97
215,9;91
205,3;87
199,94;85
195,79;84
194,17;83
202,95;86
229,46;97
249,96;104
293,47;121
277,58;115
264,61;110
260,4;108
251,33;105
245,88;103
242,24;101
244,76;102
249,51;104
263,3;110
282,33;117
295,12;122
254,02;106
250,79;105
241,48;101
219,85;93
208,44;88
198,76;85
194,78;83
196,22;84
197,07;84
204,06;87
233,7;98
254,65;106
302,86;125
287,31;119
273,47;113
266,6;111
258,78;108
249,34;104
243,58;102
240,88;101
240,92;101
255,72;107
279,33;116
299,15;123
257,04;107
246,1;103
237,39;100
218,25;92
201,57;86
192,69;82
188,51;81
186,27;80
186,92;80
193,99;83
222,07;94
240,84;101
283,29;117
271,04;113
249,41;104
244,65;102
238,61;100
232,29;98
227,5;96
230,86;97
233,73;98
263,5;110
285,92;118
300,71;124
258,64;108
247,86;104
239,25;100
221,14;93
208,39;88
195,66;84
191,01;82
188,28;81
189,27;81
199,25;85
226,47;95
243,89;102
291,64;120
273,95;114
266,47;111
260,04;108
255,41;107
241,45;101
232,59;98
231,21;97
232,84;98
251,41;105
267,46;111
289,77;120
252,75;106
242,75;102
232,99;98
218,17;92
204,06;87
194,9;83
184,41;79
177,61;77
173,37;75
171,88;74
179,37;77
187,07;80
189,1;81
178,99;77
167,41;73
161,08;70
152,23;67
141,2;63
135,88;61
135,08;60
149,16;66
171,29;74
203,35;87
220,19;93
223,67;94
221,98;94
215,77;91
203,98;87
198,34;85
185,9;80
178,43;77
171,74;74
168,69;73
168,59;73
170,85;74
174,08;75
178,01;77
173,15;75
165,36;72
163,75;71
160,5;70
146,85;65
141,44;63
140,6;62
148,65;65
172,43;75
203,02;86
222,78;94
229,65;97
234,66;99
240,41;101
228,58;96
203,17;86
192,89;82
188,89;81
187,28;80
189,08;81
197,05;84
230,15;97
246,34;103
293,23;121
286,18;118
277,1;115
274,6;114
268,68;112
260,34;108
255,15;106
254,42;106
260,76;109
277,61;115
292,63;121
309,63;127
267,96;111
256,42;107
245,22;103
229,92;97
215,9;91
205,3;87
199,94;85
195,79;84
194,17;83
202,95;86
229,46;97
249,96;104
293,47;121
277,58;115
264,61;110
260,4;108
251,33;105
245,88;103
242,24;101
244,76;102
249,51;104
263,3;110
282,33;117
295,12;122
254,02;106
250,79;105
241,48;101
219,85;93
208,44;88
198,76;85
194,78;83
196,22;84
197,07;84
204,06;87
233,7;98
254,65;106
302,86;125
287,31;119
273,47;113
266,6;111
258,78;108
249,34;104
243,58;102
240,88;101
240,92;101
255,72;107
279,33;116
299,15;123
257,04;107
246,1;103
237,39;100
218,25;92
201,57;86
192,69;82
188,51;81
186,27;80
186,92;80
193,99;83
222,07;94
240,84;101
283,29;117
271,04;113
249,41;104
244,65;102
238,61;100
232,29;98
227,5;96
230,86;97
233,73;98
263,5;110
285,92;118
300,71;124
258,64;108
247,86;104
239,25;100
221,14;93
208,39;88
195,66;84
191,01;82
188,28;81
189,27;81
199,25;85
226,47;95
243,89;102
291,64;120
273,95;114
266,47;111
260,04;108
255,41;107
241,45;101
232,59;98
231,21;97
232,84;98
251,41;105
267,46;111
289,77;120
252,75;106
242,75;102
232,99;98
218,17;92
204,06;87
194,9;83
184,41;79
177,61;77
173,37;75
171,88;74
179,37;77
187,07;80
189,1;81
178,99;77
167,41;73
161,08;70
152,23;67
141,2;63
135,88;61
135,08;60
149,16;66
171,29;74
203,35;87
220,19;93
223,67;94
221,98;94
215,77;91
203,98;87
198,34;85
185,9;80
178,43;77
171,74;74
168,69;73
168,59;73
170,85;74
174,08;75
178,01;77
173,15;75
165,36;72
163,75;71
160,5;70
146,85;65
141,44;63
140,6;62
148,65;65
172,43;75
203,02;86
222,78;94
229,65;97
234,66;99
240,41;101
228,58;96
203,17;86
192,89;82
188,89;81
187,28;80
189,08;81
197,05;84
230,15;97
246,34;103
293,23;121
286,18;118
277,1;115
274,6;114
268,68;112
260,34;108
255,15;106
254,42;106
260,76;109
277,61;115
292,63;121
309,63;127
267,96;111
256,42;107
245,22;103
229,92;97
215,9;91
205,3;87
199,94;85
195,79;84
194,17;83
202,95;86
229,46;97
249,96;104
293,47;121
277,58;115
264,61;110
260,4;108
251,33;105
245,88;103
242,24;101
244,76;102
249,51;104
263,3;110
282,33;117
295,12;122
254,02;106
250,79;105
241,48;101
219,85;93
208,44;88
198,76;85
194,78;83
196,22;84
197,07;84
204,06;87
233,7;98
254,65;106
302,86;125
287,31;119
273,47;113
266,6;111
258,78;108
249,34;104
243,58;102
240,88;101
240,92;101
255,72;107
279,33;116
299,15;123
257,04;107
246,1;103
237,39;100
218,25;92
201,57;86
192,69;82
188,51;81
186,27;80
186,92;80
193,99;83
222,07;94
240,84;101
283,29;117
271,04;113
249,41;104
244,65;102
238,61;100
232,29;98
227,5;96
230,86;97
233,73;98
263,5;110
285,92;118
300,71;124
258,64;108
247,86;104
239,25;100
221,14;93
208,39;88
195,66;84
191,01;82
188,28;81
189,27;81
199,25;85
226,47;95
243,89;102
291,64;120
273,95;114
266,47;111
260,04;108
255,41;107
241,45;101
232,59;98
231,21;97
232,84;98
251,41;105
267,46;111
289,77;120
252,75;106
242,75;102
232,99;98
218,17;92
204,06;87
194,9;83
184,41;79
177,61;77
173,37;75
171,88;74
179,37;77
187,07;80
189,1;81
178,99;77
167,41;73
161,08;70
152,23;67
141,2;63
135,88;61
135,08;60
149,16;66
171,29;74
203,35;87
220,19;93
223,67;94
221,98;94
215,77;91
203,98;87
198,34;85
185,9;80
178,43;77
171,74;74
168,69;73
168,59;73
170,85;74
174,08;75
178,01;77
173,15;75
165,36;72
163,75;71
160,5;70
146,85;65
141,44;63
140,6;62
148,65;65
172,43;75
203,02;86
222,78;94
229,65;97
234,66;99
240,41;101
228,58;96
203,17;86
192,89;82
188,89;81
187,28;80
189,08;81
197,05;84
230,15;97
246,34;103
293,23;121
286,18;118
277,1;115
274,6;114
268,68;112
260,34;108
255,15;106
254,42;106
260,76;109
277,61;115
292,63;121
309,63;127
267,96;111
256,42;107
245,22;103
229,92;97
215,9;91
205,3;87
199,94;85
195,79;84
194,17;83
202,95;86
229,46;97
249,96;104
293,47;121
277,58;115
264,61;110
260,4;108
251,33;105
245,88;103
242,24;101
244,76;102
249,51;104
263,3;110
282,33;117
295,12;122
254,02;106
250,79;105
241,48;101
219,85;93
208,44;88
198,76;85
194,78;83
196,22;84
197,07;84
204,06;87
233,7;98
254,65;106
302,86;125
287,31;119
273,47;113
266,6;111
258,78;108
249,34;104
243,58;102
240,88;101
240,92;101
255,72;107
279,33;116
299,15;123
257,04;107
246,1;103
237,39;100
218,25;92
203,64;87
196,1;84
192,5;82
190,06;81
190,34;82
198,04;84
228,34;96
254,02;106
294,3;121
278,61;115
261,6;109
256,27;107
252,02;105
244,2;102
238,36;100
239,39;100
242,94;102
266,35;111
290,25;120
306,87;126
271,36;113
256,84;107
242,23;101
223,25;94
216,3;91
204,27;87
200,43;85
199,63;85
200,49;85
208,2;88
242,53;102
264,02;110
298,66;123
280,27;116
266,75;111
255,43;107
247,42;103
232,69;98
224;94
223,13;94
228,66;96
249,28;104
272,09;113
290,68;120
260,88;109
255,06;106
241,41;101
222,44;94
212,53;90
202,15;86
194,97;83
190,53;82
190,51;82
191,85;82
196,45;84
203,64;87
208,76;89
205,14;87
192,11;82
186,44;80
180,38;78
153,58;67
151,3;67
155,56;68
179,53;77
204,43;87
224,54;95
233,54;98
232,42;98
225;95
219,64;93
205;87
171,49;74
159,54;70
154,98;68
152,49;67
150,06;66
150,78;66
150,26;66
154,29;68
157,23;69
156,43;68
154,67;68
154,5;68
151,94;67
129,9;58
111,91;51
117,15;53
138,99;62
167,14;73
197,29;84
215,73;91
221,84;94
215,26;91
208,09;88
192,37;82
180,35;78
174,84;76
172,16;75
165,66;72
169,24;73
182,79;79
224,26;95
246,61;103
282,29;117
269,44;112
254,63;106
242,53;102
240,7;101
227,52;96
216;91
220,86;93
222,09;94
242,28;101
264,2;110
283,45;117
259,23;108
248,04;104
231,99;98
211,07;89
204,11;87
194,52;83
188,18;81
177,13;76
186,24;80
197,92;84
230,55;97
262,6;109
294,28;121
274,43;114
259,27;108
244,5;102
238,58;100
233,61;98
226,55;95
230,13;97
237,16;100
261,26;109
285,85;118
302,78;125
280,35;116
260,11;108
244,25;102
220,87;93
206,97;88
200,52;85
198,91;85
198,52;85
198,57;85
208,03;88
236,29;99
263,8;110
294,46;122
278,68;115
264,95;110
257,09;107
244,46;102
234,96;99
226,89;96
227,76;96
232,9;98
251,66;105
272,4;113
293,52;121
268,5;112
249,67;104
232,79;98
212,57;90
207,06;88
200,88;86
197,87;84
195,22;83
195,12;83
203,47;87
235,99;99
268,67;112
305,45;126
286,3;118
273,95;114
268,05;111
265,6;110
256,27;107
249,37;104
248,04;104
252,29;105
269,26;112
294,66;122
313,13;129
285,53;118
267,24;111
246,58;103
226,72;96
216,3;91
204,27;87
200,43;85
199,63;85
200,49;85
208,2;88
242,53;102
264,02;110
298,66;123
280,27;116
266,75;111
255,43;107
247,42;103
232,69;98
224;94
223,13;94
228,66;96
249,28;104
272,09;113
290,68;120
260,88;109
255,06;106
241,41;101
222,44;94
212,53;90
202,15;86
194,97;83
190,53;82
190,51;82
191,85;82
196,45;84
203,64;87
208,76;89
205,14;87
192,11;82
186,44;80
180,38;78
153,58;67
151,3;67
155,56;68
179,53;77
204,43;87
224,54;95
233,54;98
232,42;98
225;95
219,64;93
205;87
171,49;74
159,54;70
154,98;68
152,49;67
150,06;66
150,78;66
150,26;66
154,29;68
157,23;69
156,43;68
154,67;68
154,5;68
151,94;67
129,9;58
111,91;51
117,15;53
138,99;62
167,14;73
197,29;84
215,73;91
221,84;94
215,26;91
208,09;88
192,37;82
180,35;78
174,84;76
172,16;75
165,66;72
169,24;73
182,79;79
224,26;95
246,61;103
282,29;117
269,44;112
254,63;106
242,53;102
240,7;101
227,52;96
216;91
220,86;93
222,09;94
242,28;101
264,2;110
283,45;117
259,23;108
248,04;104
231,99;98
211,07;89
204,11;87
194,52;83
188,18;81
177,13;76
186,24;80
197,92;84
230,55;97
262,6;109
294,28;121
274,43;114
259,27;108
244,5;102
238,58;100
233,61;98
226,55;95
230,13;97
237,16;100
261,26;109
285,85;118
302,78;125
280,35;116
260,11;108
244,25;102
220,87;93
206,97;88
200,52;85
198,91;85
198,52;85
198,57;85
208,03;88
236,29;99
263,8;110
294,46;122
278,68;115
264,95;110
257,09;107
244,46;102
234,96;99
226,89;96
227,76;96
232,9;98
251,66;105
272,4;113
293,52;121
268,5;112
249,67;104
232,79;98
212,57;90
207,06;88
200,88;86
197,87;84
195,22;83
195,12;83
203,47;87
235,99;99
268,67;112
305,45;126
286,3;118
273,95;114
268,05;111
265,6;110
256,27;107
249,37;104
248,04;104
252,29;105
269,26;112
294,66;122
313,13;129
285,53;118
267,24;111
246,58;103
226,72;96
216,3;91
204,27;87
200,43;85
199,63;85
200,49;85
208,2;88
242,53;102
264,02;110
298,66;123
280,27;116
266,75;111
255,43;107
247,42;103
232,69;98
224;94
223,13;94
228,66;96
249,28;104
272,09;113
290,68;120
260,88;109
255,06;106
241,41;101
222,44;94
212,53;90
202,15;86
194,97;83
190,53;82
190,51;82
191,85;82
196,45;84
203,64;87
208,76;89
205,14;87
192,11;82
186,44;80
180,38;78
153,58;67
151,3;67
155,56;68
179,53;77
204,43;87
224,54;95
233,54;98
232,42;98
225;95
219,64;93
205;87
171,49;74
159,54;70
154,98;68
152,49;67
150,06;66
150,78;66
150,26;66
154,29;68
157,23;69
156,43;68
154,67;68
154,5;68
151,94;67
129,9;58
111,91;51
117,15;53
138,99;62
167,14;73
197,29;84
215,73;91
221,84;94
215,26;91
208,09;88
192,37;82
180,35;78
174,84;76
172,16;75
165,66;72
169,24;73
182,79;79
224,26;95
246,61;103
282,29;117
269,44;112
254,63;106
242,53;102
240,7;101
227,52;96
216;91
220,86;93
222,09;94
242,28;101
264,2;110
283,45;117
259,23;108
248,04;104
231,99;98
211,07;89
204,11;87
194,52;83
188,18;81
177,13;76
186,24;80
197,92;84
230,55;97
262,6;109
294,28;121
274,43;114
259,27;108
244,5;102
238,58;100
233,61;98
226,55;95
230,13;97
237,16;100
261,26;109
285,85;118
302,78;125
280,35;116
260,11;108
244,25;102
220,87;93
206,97;88
200,52;85
198,91;85
198,52;85
198,57;85
208,03;88
236,29;99
263,8;110
294,46;122
278,68;115
264,95;110
257,09;107
244,46;102
234,96;99
226,89;96
227,76;96
232,9;98
251,66;105
272,4;113
293,52;121
268,5;112
249,67;104
232,79;98
212,57;90
207,06;88
200,88;86
197,87;84
195,22;83
195,12;83
203,47;87
235,99;99
268,67;112
305,45;126
286,3;118
273,95;114
268,05;111
265,6;110
256,27;107
249,37;104
248,04;104
252,29;105
269,26;112
294,66;122
313,13;129
285,53;118
267,24;111
246,58;103
226,72;96
216,3;91
204,27;87
200,43;85
199,63;85
200,49;85
208,2;88
242,53;102
264,02;110
298,66;123
280,27;116
266,75;111
255,43;107
247,42;103
232,69;98
224;94
223,13;94
228,66;96
249,28;104
272,09;113
290,68;120
260,88;109
255,06;106
241,41;101
222,44;94
212,53;90
202,15;86
194,97;83
190,53;82
190,51;82
191,85;82
196,45;84
203,64;87
208,76;89
205,14;87
192,11;82
186,44;80
180,38;78
153,58;67
151,3;67
155,56;68
179,53;77
204,43;87
224,54;95
233,54;98
232,42;98
225;95
219,64;93
205;87
171,49;74
159,54;70
154,98;68
152,49;67
150,06;66
150,78;66
150,26;66
154,29;68
157,23;69
156,43;68
154,67;68
154,5;68
151,94;67
129,9;58
111,91;51
117,15;53
138,99;62
167,14;73
197,29;84
215,73;91
221,84;94
215,26;91
208,09;88
192,37;82
180,35;78
174,84;76
172,16;75
165,66;72
169,24;73
182,79;79
224,26;95
246,61;103
282,29;117
269,44;112
254,63;106
242,53;102
240,7;101
227,52;96
216;91
220,86;93
222,09;94
242,28;101
264,2;110
283,45;117
259,23;108
248,04;104
231,99;98
211,07;89
204,11;87
194,52;83
188,18;81
177,13;76
186,24;80
197,92;84
230,55;97
262,6;109
294,28;121
274,43;114
259,27;108
244,5;102
238,58;100
233,61;98
226,55;95
230,13;97
237,16;100
261,26;109
285,85;118
302,78;125
280,35;116
260,11;108
244,25;102
220,87;93
206,97;88
200,52;85
198,91;85
198,52;85
198,57;85
208,03;88
236,29;99
263,8;110
294,46;122
278,68;115
264,95;110
257,09;107
244,46;102
234,96;99
226,89;96
227,76;96
232,9;98
251,66;105
272,4;113
293,52;121
268,5;112
249,67;104
232,79;98
212,57;90
207,06;88
200,88;86
197,87;84
195,22;83
195,12;83
203,47;87
235,99;99
268,67;112
305,45;126
286,3;118
273,95;114
268,05;111
265,6;110
256,27;107
249,37;104
248,04;104
252,29;105
269,26;112
294,66;122
313,13;129
285,53;118
267,24;111
246,58;103
226,72;96
216,3;91
204,27;87
200,43;85
199,63;85
200,49;85
208,2;88
242,53;102
264,02;110
298,66;123
280,27;116
266,75;111
255,43;107
247,42;103
232,69;98
224;94
223,13;94
228,66;96
249,28;104
272,09;113
290,68;120
260,88;109
255,06;106
241,41;101
222,44;94
212,53;90
202,15;86
194,97;83
190,53;82
190,51;82
191,85;82
196,45;84
203,64;87
208,76;89
205,14;87
192,11;82
186,44;80
180,38;78
153,58;67
151,3;67
155,56;68
179,53;77
204,43;87
224,54;95
233,54;98
232,42;98
225;95
219,64;93
209,57;89
191,86;82
183,21;79
179;77
175,68;76
175,45;76
180,49;78
192,05;82
206,56;88
235,84;99
227,99;96
221,05;93
218,23;92
215,38;91
202,22;86
191,53;82
194,83;83
208,04;88
228,16;96
250,86;105
265,4;110
240,51;101
230,07;97
220,22;93
216,41;92
209,92;89
202,28;86
199,29;85
197,73;84
202,2;86
211,02;89
236,36;99
255,78;107
297,28;123
285,07;118
274,46;114
267,04;111
258,76;108
249,29;104
244,17;102
245,3;103
248,42;104
261,88;109
276,61;115
283;117
242,22;101
234,17;98
226,67;95
211,39;90
197,11;84
191,19;82
183,87;79
181,42;78
184,65;79
189,11;81
194,77;83
202,88;86
234,46;98
235,41;99
225,17;95
223,12;94
219,46;93
197,36;84
196,01;84
203,88;87
222,67;94
240,02;101
254,43;106
263,4;110
233,2;98
224,54;95
219,79;93
209,16;89
178,75;77
173,1;75
168,12;73
166,34;72
168,17;73
170,33;74
173,69;75
178,84;77
210,66;89
214,04;91
209,94;89
212,39;90
210,59;89
189,47;81
178,08;77
185,89;80
203,72;87
222,62;94
241,84;101
256,69;107
229,46;97
220,51;93
215,53;91
204,82;87
196,28;84
191,72;82
188,99;81
183,95;79
186,05;80
192,72;82
214,38;91
228,56;96
251,74;105
248,83;104
238,31;100
231,98;98
229,48;97
216,82;92
209,35;89
214,04;91
218,55;92
234,07;98
249,36;104
260,75;109
243,39;102
232,17;98
223,32;94
208,07;88
201,63;86
194,34;83
186,28;80
181,59;78
182,36;78
189,52;81
205,83;87
223,42;94
240,3;101
230,45;97
221,97;94
214,19;91
205,39;87
197,54;84
198,32;85
215,05;91
220,55;93
243,33;102
262,44;109
272,62;113
257,85;107
244,2;102
232,59;98
219,82;93
208,53;89
202,24;86
200,34;85
199,16;85
199,52;85
209,25;89
236,92;99
258,89;108
301,56;124
291,8;121
280,2;116
274,24;114
264,56;110
257,8;107
253,38;106
254,67;106
257,46;107
272,9;113
288,57;119
303,38;125
255,79;107
240,59;101
228,24;96
214,39;91
212,03;90
206,73;88
202,87;86
198,71;85
200,69;85
210,1;89
233,85;98
258,95;108
304,04;125
289,08;119
276,91;115
271,42;113
268,28;111
264,07;110
260,77;109
262,1;109
266,61;111
278,62;115
293,79;121
304,4;125
258,98;108
244,63;102
232,08;98
215,38;91
209,92;89
202,28;86
199,29;85
197,73;84
202,2;86
211,02;89
236,36;99
255,78;107
297,28;123
285,07;118
274,46;114
267,04;111
258,76;108
249,29;104
244,17;102
245,3;103
248,42;104
261,88;109
276,61;115
283;117
242,22;101
234,17;98
226,67;95
211,39;90
207,97;88
201,27;86
195,17;83
192,9;82
194,48;83
202,28;86
211,39;90
223,83;94
251,45;105
247,2;103
236,61;99
229;96
223,24;94
209,42;89
211,4;90
215,52;91
229,42;97
245,18;103
257,88;107
262,85;109
233,91;98
225,24;95
219,41;93
207,34;88
191,99;82
186,64;80
183,94;79
182,03;78
181,96;78
185,52;80
192,68;82
200,86;86
229,98;97
229,08;96
225,12;95
223,67;94
219,85;93
205,77;87
195,57;84
198,99;85
211,93;90
229,15;96
246,4;103
258,34;108
231,74;97
222,08;94
216,66;92
204,95;87
196,28;84
191,72;82
188,99;81
183,95;79
186,05;80
192,72;82
214,38;91
228,56;96
251,74;105
248,83;104
238,31;100
231,98;98
229,48;97
216,82;92
209,35;89
214,04;91
218,55;92
234,07;98
249,36;104
260,75;109
243,39;102
232,17;98
223,32;94
208,07;88
201,63;86
194,34;83
186,28;80
181,59;78
182,36;78
189,52;81
205,83;87
223,42;94
240,3;101
230,45;97
221,97;94
214,19;91
205,39;87
197,54;84
198,32;85
215,05;91
220,55;93
243,33;102
262,44;109
272,62;113
257,85;107
244,2;102
232,59;98
219,82;93
208,53;89
202,24;86
200,34;85
199,16;85
199,52;85
209,25;89
236,92;99
258,89;108
301,56;124
291,8;121
280,2;116
274,24;114
264,56;110
257,8;107
253,38;106
254,67;106
257,46;107
272,9;113
288,57;119
303,38;125
255,79;107
240,59;101
228,24;96
214,39;91
212,03;90
206,73;88
202,87;86
198,71;85
200,69;85
210,1;89
233,85;98
258,95;108
304,04;125
289,08;119
276,91;115
271,42;113
268,28;111
264,07;110
260,77;109
262,1;109
266,61;111
278,62;115
293,79;121
304,4;125
258,98;108
244,63;102
232,08;98
215,38;91
209,92;89
202,28;86
199,29;85
197,73;84
202,2;86
211,02;89
236,36;99
255,78;107
297,28;123
285,07;118
274,46;114
267,04;111
258,76;108
249,29;104
244,17;102
245,3;103
248,42;104
261,88;109
276,61;115
283;117
242,22;101
234,17;98
226,67;95
211,39;90
207,97;88
201,27;86
195,17;83
192,9;82
194,48;83
202,28;86
211,39;90
223,83;94
251,45;105
247,2;103
236,61;99
229;96
223,24;94
209,42;89
211,4;90
215,52;91
229,42;97
245,18;103
257,88;107
262,85;109
233,91;98
225,24;95
219,41;93
207,34;88
191,99;82
186,64;80
183,94;79
182,03;78
181,96;78
185,52;80
192,68;82
200,86;86
229,98;97
229,08;96
225,12;95
223,67;94
219,85;93
205,77;87
195,57;84
198,99;85
211,93;90
229,15;96
246,4;103
258,34;108
231,74;97
222,08;94
216,66;92
204,95;87
196,28;84
191,72;82
188,99;81
183,95;79
186,05;80
192,72;82
214,38;91
228,56;96
251,74;105
248,83;104
238,31;100
231,98;98
229,48;97
216,82;92
209,35;89
214,04;91
218,55;92
234,07;98
249,36;104
260,75;109
243,39;102
232,17;98
223,32;94
208,07;88
201,63;86
194,34;83
186,28;80
181,59;78
182,36;78
189,52;81
205,83;87
223,42;94
240,3;101
230,45;97
221,97;94
214,19;91
205,39;87
197,54;84
198,32;85
215,05;91
220,55;93
243,33;102
262,44;109
272,62;113
257,85;107
244,2;102
232,59;98
219,82;93
208,53;89
202,24;86
200,34;85
199,16;85
199,52;85
209,25;89
236,92;99
258,89;108
301,56;124
291,8;121
280,2;116
274,24;114
264,56;110
257,8;107
253,38;106
254,67;106
257,46;107
272,9;113
288,57;119
303,38;125
255,79;107
240,59;101
228,24;96
214,39;91
212,03;90
206,73;88
202,87;86
198,71;85
200,69;85
210,1;89
233,85;98
258,95;108
304,04;125
289,08;119
276,91;115
271,42;113
268,28;111
264,07;110
260,77;109
262,1;109
266,61;111
278,62;115
293,79;121
304,4;125
258,98;108
244,63;102
232,08;98
215,38;91
209,92;89
202,28;86
199,29;85
197,73;84
202,2;86
211,02;89
236,36;99
255,78;107
297,28;123
285,07;118
274,46;114
267,04;111
258,76;108
249,29;104
244,17;102
245,3;103
248,42;104
261,88;109
276,61;115
283;117
242,22;101
234,17;98
226,67;95
211,39;90
207,97;88
201,27;86
195,17;83
192,9;82
194,48;83
202,28;86
211,39;90
223,83;94
251,45;105
247,2;103
236,61;99
229;96
223,24;94
209,42;89
211,4;90
215,52;91
229,42;97
245,18;103
257,88;107
262,85;109
233,91;98
225,24;95
219,41;93
207,34;88
191,99;82
186,64;80
183,94;79
182,03;78
181,96;78
185,52;80
192,68;82
200,86;86
229,98;97
229,08;96
225,12;95
223,67;94
219,85;93
205,77;87
195,57;84
198,99;85
211,93;90
229,15;96
246,4;103
258,34;108
231,74;97
222,08;94
216,66;92
204,95;87
196,28;84
191,72;82
188,99;81
183,95;79
186,05;80
192,72;82
214,38;91
228,56;96
251,74;105
248,83;104
238,31;100
231,98;98
229,48;97
216,82;92
209,35;89
214,04;91
218,55;92
234,07;98
249,36;104
260,75;109
243,39;102
232,17;98
223,32;94
208,07;88
201,63;86
194,34;83
186,28;80
180,76;78
186,15;80
188,2;81
205,83;87
221,86;94
239,26;100
230,38;97
222,87;94
214,59;91
211,23;90
202,91;86
194,01;83
200,11;85
218,56;92
232,6;98
255,63;107
270,91;113
261,41;109
247,73;104
236,27;99
220,9;93
212,87;90
205,3;87
201,44;86
200,14;85
199,19;85
204,25;87
223,38;94
250,68;105
274,22;114
293,66;121
284,93;118
276,26;115
267,92;111
259,81;108
253,77;106
253,82;106
257,24;107
266,84;111
283,27;117
299,13;123
290,87;120
246,38;103
232,14;98
218,14;92
211,64;90
208,94;89
205,22;87
201,55;86
198,66;85
204,87;87
226,36;95
250,19;105
277,34;115
294,47;122
282,9;117
273,96;114
270,19;112
263,61;110
260,62;109
260,11;108
264,22;110
275,09;114
291,32;120
303,03;125
290,6;120
249,83;104
234,3;98
222,15;94
210,17;89
203,91;87
200,37;85
198,89;85
198,16;85
206,06;88
228,19;96
247,11;103
273,1;113
288,09;119
278,32;115
268,8;112
263,03;109
251,4;105
244,94;103
243,74;102
248,06;104
258,74;108
273,28;113
285,9;118
268,1;111
239,31;100
227,34;96
212,82;90
211,89;90
207,85;88
202,95;86
197,74;84
199,73;85
206,08;88
218,27;92
232,22;98
269,86;112
273,51;114
263,04;109
257,05;107
251,22;105
243,57;102
242,93;102
247,56;104
256,95;107
267,67;111
276,85;115
281,8;117
244,95;103
226,33;95
220,28;93
209,57;89
203,55;87
200,3;85
198,14;85
195,82;84
203,92;87
213,85;91
230,2;97
247,55;104
295,9;122
289,88;120
282,17;117
278,65;115
270,11;112
265,89;111
264,35;110
267,47;111
268,19;111
274,47;114
281,13;116
275,31;114
223,55;94
213,28;90
211,94;90
200,34;85
181,7;78
180,22;78
172,76;75
172,3;75
178,8;77
186,38;80
193,1;83
202,12;86
260,15;108
265,68;110
258,24;108
259,81;108
258,53;108
241,14;101
240,72;101
252,2;105
265,82;111
275,62;114
284,32;118
293,26;121
233,99;98
224,08;94
219,95;93
213,32;90
186;80
186,67;80
181,25;78
180,19;78
186,27;80
189,88;81
197,12;84
203,39;87
264,09;110
271,64;113
265,21;110
270,28;112
269,24;112
249,05;104
244,25;102
254,63;106
268,45;112
278,11;115
286,39;118
297,65;123
237,08;99
225,77;95
222,96;94
217,27;92
212,2;90
208,59;89
205,82;87
202,25;86
202,86;86
202,65;86
204,5;87
210,52;89
221,2;93
228,22;96
221,98;94
221,43;93
218,27;92
206,12;88
202,7;86
207,23;88
215,01;91
225,86;95
234,51;99
238,06;100
227,55;96
216,3;92
214,64;91
205,08;87
199,15;85
194,15;83
184,39;79
186,06;80
178,48;77
181,12;78
181,12;78
184,24;79
186,32;80
186,47;80
184,68;79
183,88;79
172,2;75
161,48;70
170,09;74
199,96;85
203,94;87
225,41;95
239,03;100
242,46;102
235,35;99
228,29;96
220,93;93
218,77;92
210,08;89
203,97;87
201,76;86
199,8;85
200,47;85
210,48;89
237,56;100
253,97;106
308,65;127
304,91;126
295,44;122
291,38;120
284,66;118
280,64;116
279,88;116
281,58;117
282,03;117
294,13;121
304,74;126
313,24;129
243,08;102
231,5;97
223,7;94
216,21;91
217;92
212,57;90
207,87;88
202,19;86
206,26;88
216,72;92
231,71;97
249,23;104
302,63;125
291,86;121
279,86;116
274,79;114
270,96;113
271,88;113
272,17;113
276,16;115
280,93;116
287,98;119
292,93;121
295,66;122
232,42;98
222,02;94
217,59;92
204,04;87
203,55;87
200,3;85
198,14;85
195,82;84
203,92;87
213,85;91
230,2;97
247,55;104
295,9;122
289,88;120
282,17;117
278,65;115
270,11;112
265,89;111
264,35;110
267,47;111
268,19;111
274,47;114
281,13;116
275,31;114
223,55;94
213,28;90
211,94;90
200,34;85
203,42;87
200,39;85
195,38;83
195,26;83
198,45;85
212,7;90
226,34;95
244,02;102
294,13;121
289,26;120
281,1;116
271,56;113
266,1;111
265,27;110
271,51;113
275,49;114
279,31;116
285,94;118
291,21;120
292,15;121
235,4;99
225,48;95
219,18;93
209,68;89
212,49;90
213,75;91
212,9;90
211,58;90
213,86;91
220,26;93
235,09;99
247,42;103
302,72;125
301,72;124
295,57;122
292,84;121
287,76;119
281,64;117
279,23;116
280,84;116
284,88;118
291,15;120
295,52;122
300,95;124
241,65;101
228,9;96
225,23;95
217,54;92
212,2;90
208,59;89
205,82;87
202,25;86
202,86;86
202,65;86
204,5;87
210,52;89
221,2;93
228,22;96
221,98;94
221,43;93
218,27;92
206,12;88
202,7;86
207,23;88
215,01;91
225,86;95
234,51;99
238,06;100
227,55;96
216,3;92
214,64;91
205,08;87
199,15;85
194,15;83
184,39;79
186,06;80
178,48;77
181,12;78
181,12;78
184,24;79
186,32;80
186,47;80
184,68;79
183,88;79
172,2;75
161,48;70
170,09;74
199,96;85
203,94;87
225,41;95
239,03;100
242,46;102
235,35;99
228,29;96
220,93;93
218,77;92
210,08;89
203,97;87
201,76;86
199,8;85
200,47;85
210,48;89
237,56;100
253,97;106
308,65;127
304,91;126
295,44;122
291,38;120
284,66;118
280,64;116
279,88;116
281,58;117
282,03;117
294,13;121
304,74;126
313,24;129
243,08;102
231,5;97
223,7;94
216,21;91
217;92
212,57;90
207,87;88
202,19;86
206,26;88
216,72;92
231,71;97
249,23;104
302,63;125
291,86;121
279,86;116
274,79;114
270,96;113
271,88;113
272,17;113
276,16;115
280,93;116
287,98;119
292,93;121
295,66;122
232,42;98
222,02;94
217,59;92
204,04;87
203,55;87
200,3;85
198,14;85
195,82;84
203,92;87
213,85;91
230,2;97
247,55;104
295,9;122
289,88;120
282,17;117
278,65;115
270,11;112
265,89;111
264,35;110
267,47;111
268,19;111
274,47;114
281,13;116
275,31;114
223,55;94
213,28;90
211,94;90
200,34;85
203,42;87
200,39;85
195,38;83
195,26;83
198,45;85
212,7;90
226,34;95
244,02;102
294,13;121
289,26;120
281,1;116
271,56;113
266,1;111
265,27;110
271,51;113
275,49;114
279,31;116
285,94;118
291,21;120
292,15;121
235,4;99
225,48;95
219,18;93
209,68;89
212,49;90
213,75;91
212,9;90
211,58;90
213,86;91
220,26;93
235,09;99
247,42;103
302,72;125
301,72;124
295,57;122
292,84;121
287,76;119
281,64;117
279,23;116
280,84;116
284,88;118
291,15;120
295,52;122
300,95;124
241,65;101
228,9;96
225,23;95
217,54;92
212,2;90
208,59;89
205,82;87
202,25;86
202,86;86
202,65;86
204,5;87
210,52;89
221,2;93
228,22;96
221,98;94
221,43;93
218,27;92
206,12;88
202,7;86
207,23;88
215,01;91
225,86;95
234,51;99
238,06;100
227,55;96
216,3;92
214,64;91
205,08;87
199,15;85
194,15;83
184,39;79
186,06;80
178,48;77
181,12;78
181,12;78
184,24;79
186,32;80
186,47;80
184,68;79
183,88;79
172,2;75
161,48;70
170,09;74
199,96;85
203,94;87
225,41;95
239,03;100
242,46;102
235,35;99
228,29;96
220,93;93
218,77;92
210,08;89
203,97;87
201,76;86
199,8;85
200,47;85
210,48;89
237,56;100
253,97;106
308,65;127
304,91;126
295,44;122
291,38;120
284,66;118
280,64;116
279,88;116
281,58;117
282,03;117
294,13;121
304,74;126
313,24;129
243,08;102
231,5;97
223,7;94
216,21;91
217;92
212,57;90
207,87;88
202,19;86
206,26;88
216,72;92
231,71;97
249,23;104
302,63;125
291,86;121
279,86;116
274,79;114
270,96;113
271,88;113
272,17;113
276,16;115
280,93;116
287,98;119
292,93;121
295,66;122
232,42;98
222,02;94
217,59;92
204,04;87
203,55;87
200,3;85
198,14;85
195,82;84
203,92;87
213,85;91
230,2;97
247,55;104
295,9;122
289,88;120
282,17;117
278,65;115
270,11;112
265,89;111
264,35;110
267,47;111
268,19;111
274,47;114
281,13;116
275,31;114
223,55;94
213,28;90
211,94;90
200,34;85
203,42;87
200,39;85
195,38;83
195,26;83
198,45;85
212,7;90
226,34;95
244,02;102
294,13;121
289,26;120
281,1;116
271,56;113
266,1;111
265,27;110
271,51;113
275,49;114
279,31;116
285,94;118
291,21;120
292,15;121
235,4;99
225,48;95
219,18;93
209,68;89
212,49;90
213,75;91
212,9;90
211,58;90
213,86;91
220,26;93
235,09;99
247,42;103
302,72;125
301,72;124
295,57;122
292,84;121
287,76;119
281,64;117
279,23;116
280,84;116
284,88;118
291,15;120
295,52;122
300,95;124
241,65;101
228,9;96
225,23;95
217,54;92
212,2;90
208,59;89
205,82;87
202,25;86
202,86;86
202,65;86
204,5;87
210,52;89
221,2;93
228,22;96
221,98;94
221,43;93
218,27;92
206,12;88
202,7;86
207,23;88
215,01;91
225,86;95
234,51;99
238,06;100
227,55;96
216,3;92
214,64;91
205,08;87
199,15;85
194,15;83
184,39;79
184,39;79
186,06;80
178,48;77
181,12;78
181,12;78
184,24;79
186,32;80
186,47;80
184,68;79
183,88;79
172,2;75
161,48;70
170,09;74
199,96;85
203,94;87
225,41;95
239,03;100
242,46;102
235,35;99
228,29;96
220,93;93
218,77;92
210,08;89
203,97;87
201,76;86
199,8;85
200,47;85
210,48;89
237,56;100
253,97;106
308,65;127
304,91;126
295,44;122
291,38;120
284,66;118
280,64;116
279,88;116
281,58;117
282,03;117
294,13;121
304,74;126
313,24;129
243,08;102
231,5;97
223,7;94
216,21;91
217;92
212,57;90
207,87;88
202,19;86
206,26;88
216,72;92
231,71;97
249,23;104
302,63;125
291,86;121
279,86;116
274,79;114
270,96;113
271,88;113
272,17;113
276,16;115
280,93;116
287,98;119
292,93;121
295,66;122
232,42;98
222,02;94
217,59;92
204,04;87
203,55;87
200,3;85
198,14;85
195,82;84
203,92;87
213,85;91
230,2;97
247,55;104
295,9;122
289,88;120
282,17;117
278,65;115
270,11;112
265,89;111
264,35;110
267,47;111
268,19;111
274,47;114
281,13;116
275,31;114
223,55;94
213,28;90
211,94;90
200,34;85
203,42;87
200,39;85
195,38;83
195,26;83
198,45;85
212,7;90
226,34;95
244,02;102
294,13;121
289,26;120
281,1;116
271,56;113
266,1;111
265,27;110
271,51;113
275,49;114
279,31;116
285,94;118
291,21;120
292,15;121
235,4;99
225,48;95
219,18;93
209,68;89
218,72;92
218,18;92
216,97;92
215,26;91
216,87;92
221,48;93
236,9;99
253,17;106
315,05;129
310,27;128
305,21;126
302,61;125
298;123
293,23;121
292,86;121
297,47;123
301,79;124
314,44;129
309,49;127
308,23;127
242,88;102
230,97;97
229,55;97
222,25;94
231,47;97
226,72;96
223,8;94
221,08;93
219,72;93
220,2;93
220,6;93
224,95;95
230,9;97
230,6;97
229,32;97
227,75;96
228,31;96
225,87;95
226,84;96
233,67;98
242,09;101
247,78;104
246,32;103
240,37;101
229,38;97
221,51;94
221,55;94
213,54;90
201,25;86
203,17;86
202,29;86
199;85
198,36;85
199;85
191,84;82
195,14;83
204,29;87
210,04;89
211,95;90
214,59;91
212,61;90
206,93;88
204,95;87
213,54;90
218,22;92
229,53;97
232,77;98
227,28;96
220,29;93
215,61;91
214,72;91
205,71;87
200,75;86
199,32;85
197,84;84
191,19;82
196,51;84
200,02;85
232,26;98
251,38;105
310,34;128
298,44;123
296,02;122
290,27;120
290,31;120
292,44;121
297,27;123
300,65;124
303,5;125
317,7;130
315,24;130
306,87;126
237,46;100
229,99;97
225,31;95
217,72;92
215,48;91
215,92;91
213,79;91
209,97;89
212,54;90
218,36;92
230,57;97
243,81;102
304,6;125
298,99;123
296,43;122
295,73;122
294,8;122
295,55;122
298,48;123
302,79;125
303,15;125
320,45;132
315,95;130
305,87;126
242,1;101
230,52;97
228,96;96
222,05;94
222,61;94
220,12;93
217,22;92
216,7;92
217,62;92
222,06;94
237,14;100
250;104
308,91;127
304,85;126
299,76;124
298,9;123
294,88;122
297,12;123
301,36;124
303,66;125
305,64;126
321,1;132
314,48;129
305,53;126
238,58;100
224,77;95
224,6;95
207,71;88
208;88
206,66;88
204,9;87
204,03;87
203,84;87
210,54;89
230,28;97
246,28;103
304,3;125
302,73;125
294,98;122
292,55;121
288,76;119
289,12;120
293,22;121
301,68;124
306,89;126
330,3;135
320,21;131
313,14;129
244,67;102
235,28;99
233,24;98
226,46;95
226,68;95
224,33;95
222,75;94
220,66;93
221,58;94
224,38;95
240,4;101
260,65;109
327,16;134
318,57;131
314,61;129
312,15;128
308;127
304,61;125
306,28;126
313,93;129
318,53;131
337,62;138
323,26;133
315,25;130
245,8;103
234,72;99
235,6;99
228,69;96
231,47;97
226,72;96
223,8;94
221,08;93
219,72;93
220,2;93
220,6;93
224,95;95
230,9;97
230,6;97
229,32;97
227,75;96
228,31;96
225,87;95
226,84;96
233,67;98
242,09;101
247,78;104
246,32;103
240,37;101
229,38;97
221,51;94
221,55;94
213,54;90
201,25;86
203,17;86
202,29;86
199;85
198,36;85
199;85
191,84;82
195,14;83
204,29;87
210,04;89
211,95;90
214,59;91
212,61;90
206,93;88
204,95;87
213,54;90
218,22;92
229,53;97
232,77;98
227,28;96
220,29;93
215,61;91
214,72;91
205,71;87
200,75;86
199,32;85
197,84;84
191,19;82
196,51;84
200,02;85
232,26;98
251,38;105
310,34;128
298,44;123
296,02;122
290,27;120
290,31;120
292,44;121
297,27;123
300,65;124
303,5;125
317,7;130
315,24;130
306,87;126
237,46;100
229,99;97
225,31;95
217,72;92
215,48;91
215,92;91
213,79;91
209,97;89
212,54;90
218,36;92
230,57;97
243,81;102
304,6;125
298,99;123
296,43;122
295,73;122
294,8;122
295,55;122
298,48;123
302,79;125
303,15;125
320,45;132
315,95;130
305,87;126
242,1;101
230,52;97
228,96;96
222,05;94
222,61;94
220,12;93
217,22;92
216,7;92
217,62;92
222,06;94
237,14;100
250;104
308,91;127
304,85;126
299,76;124
298,9;123
294,88;122
297,12;123
301,36;124
303,66;125
305,64;126
321,1;132
314,48;129
305,53;126
238,58;100
224,77;95
224,6;95
207,71;88
208;88
206,66;88
204,9;87
204,03;87
203,84;87
210,54;89
230,28;97
246,28;103
304,3;125
302,73;125
294,98;122
292,55;121
288,76;119
289,12;120
293,22;121
301,68;124
306,89;126
330,3;135
320,21;131
313,14;129
244,67;102
235,28;99
233,24;98
226,46;95
226,68;95
224,33;95
222,75;94
220,66;93
221,58;94
224,38;95
240,4;101
260,65;109
327,16;134
318,57;131
314,61;129
312,15;128
308;127
304,61;125
306,28;126
313,93;129
318,53;131
337,62;138
323,26;133
315,25;130
245,8;103
234,72;99
235,6;99
228,69;96
231,47;97
226,72;96
223,8;94
221,08;93
219,72;93
220,2;93
220,6;93
224,95;95
230,9;97
230,6;97
229,32;97
227,75;96
228,31;96
225,87;95
226,84;96
233,67;98
242,09;101
247,78;104
246,32;103
240,37;101
229,38;97
221,51;94
221,55;94
213,54;90
201,25;86
203,17;86
202,29;86
199;85
198,36;85
199;85
191,84;82
195,14;83
204,29;87
210,04;89
211,95;90
214,59;91
212,61;90
206,93;88
204,95;87
213,54;90
218,22;92
229,53;97
232,77;98
227,28;96
220,29;93
215,61;91
214,72;91
205,71;87
200,75;86
199,32;85
197,84;84
191,19;82
196,51;84
200,02;85
232,26;98
251,38;105
310,34;128
298,44;123
296,02;122
290,27;120
290,31;120
292,44;121
297,27;123
300,65;124
303,5;125
317,7;130
315,24;130
306,87;126
237,46;100
229,99;97
225,31;95
217,72;92
215,48;91
215,92;91
213,79;91
209,97;89
212,54;90
218,36;92
230,57;97
243,81;102
304,6;125
298,99;123
296,43;122
295,73;122
294,8;122
295,55;122
298,48;123
302,79;125
303,15;125
320,45;132
315,95;130
305,87;126
242,1;101
230,52;97
228,96;96
222,05;94
222,61;94
220,12;93
217,22;92
216,7;92
217,62;92
222,06;94
237,14;100
250;104
308,91;127
304,85;126
299,76;124
298,9;123
294,88;122
297,12;123
301,36;124
303,66;125
305,64;126
321,1;132
314,48;129
305,53;126
238,58;100
224,77;95
224,6;95
207,71;88
208;88
206,66;88
204,9;87
204,03;87
203,84;87
210,54;89
230,28;97
246,28;103
304,3;125
302,73;125
294,98;122
292,55;121
288,76;119
289,12;120
293,22;121
301,68;124
306,89;126
330,3;135
320,21;131
313,14;129
244,67;102
235,28;99
233,24;98
226,46;95
226,68;95
224,33;95
222,75;94
220,66;93
221,58;94
224,38;95
240,4;101
260,65;109
327,16;134
318,57;131
314,61;129
312,15;128
308;127
304,61;125
306,28;126
313,93;129
318,53;131
337,62;138
323,26;133
315,25;130
245,8;103
234,72;99
235,6;99
228,69;96
231,47;97
226,72;96
223,8;94
221,08;93
219,72;93
220,2;93
220,6;93
224,95;95
230,9;97
230,6;97
229,32;97
227,75;96
228,31;96
225,87;95
226,84;96
233,67;98
242,09;101
247,78;104
246,32;103
240,37;101
229,38;97
221,51;94
221,55;94
213,54;90
201,25;86
203,17;86
202,29;86
199;85
198,36;85
199;85
191,84;82
195,14;83
204,29;87
210,04;89
211,95;90
214,59;91
212,61;90
206,93;88
204,95;87
213,54;90
218,22;92
229,53;97
232,77;98
227,28;96
220,29;93
215,61;91
214,72;91
205,71;87
200,75;86
199,32;85
197,84;84
191,19;82
196,51;84
200,02;85
232,26;98
251,38;105
310,34;128
298,44;123
296,02;122
290,27;120
290,31;120
292,44;121
297,27;123
300,65;124
303,5;125
317,7;130
315,24;130
306,87;126
237,46;100
229,99;97
225,31;95
217,72;92
215,48;91
215,92;91
213,79;91
209,97;89
212,54;90
218,36;92
230,57;97
243,81;102
304,6;125
298,99;123
296,43;122
295,73;122
294,8;122
295,55;122
298,48;123
302,79;125
303,15;125
320,45;132
315,95;130
305,87;126
242,1;101
230,52;97
228,96;96
222,05;94
222,61;94
220,12;93
217,22;92
216,7;92
217,62;92
222,06;94
237,14;100
250;104
308,91;127
304,85;126
299,76;124
298,9;123
294,88;122
297,12;123
301,36;124
303,66;125
305,64;126
321,1;132
314,48;129
305,53;126
238,58;100
224,77;95
224,6;95
207,71;88
208;88
206,66;88
204,9;87
204,03;87
203,84;87
210,54;89
230,28;97
246,28;103
304,3;125
302,73;125
294,98;122
292,55;121
288,76;119
289,12;120
293,22;121
301,68;124
306,89;126
330,3;135
320,21;131
313,14;129
244,67;102
235,28;99
233,24;98
226,46;95
226,68;95
224,33;95
222,75;94
220,66;93
221,58;94
224,38;95
240,4;101
260,65;109
327,16;134
318,57;131
314,61;129
312,15;128
308;127
304,61;125
306,28;126
313,93;129
318,53;131
337,62;138
323,26;133
315,25;130
245,8;103
234,72;99
235,6;99
228,69;96
231,47;97
226,72;96
223,8;94
221,08;93
219,72;93
220,2;93
220,6;93
224,95;95
230,9;97
230,6;97
229,32;97
227,75;96
228,31;96
225,87;95
226,84;96
233,67;98
242,09;101
247,78;104
246,32;103
240,37;101
229,38;97
221,51;94
221,55;94
213,54;90
201,55;86
200,43;85
199,28;85
194,7;83
194,32;83
193,22;83
187,92;81
191,62;82
200,53;85
209,25;89
210,18;89
215,02;91
211,97;90
205,07;87
201,7;86
206,81;88
215,88;91
226,78;96
229,18;96
222,33;94
215,19;91
213,12;90
213,99;91
204,96;87
201,66;86
196,2;84
195,19;83
192,24;82
194,37;83
206,9;88
223,75;94
240,08;101
293,83;121
285,94;118
284,79;118
284,27;118
284,11;118
285,38;118
286,94;119
293,44;121
295,84;122
301,78;124
297,83;123
290,96;120
227,86;96
218,76;92
216,7;92
206,13;88
204,6;87
204,14;87
200,29;85
196,97;84
199,06;85
206,15;88
216,28;91
241,49;101
299,41;123
301,25;124
299,53;124
304,72;126
304,5;125
303,3;125
303,83;125
307,4;127
311,2;128
322,7;132
311,93;128
306,3;126
244,42;102
237,41;100
234,19;98
225,32;95
225,82;95
222,65;94
219,03;93
217,29;92
218,52;92
224,41;95
237,08;99
262,97;109
336,22;138
337,62;138
335,53;137
332,58;136
330,69;135
328,44;135
329,79;135
328,02;134
335,16;137
343,99;141
333,12;136
314,65;129
245,25;103
232,32;98
227,82;96
216,38;92
207,41;88
205,54;87
202,99;86
199,59;85
201,51;86
209,73;89
216,99;92
236,94;99
301,15;124
304,13;125
300,6;124
301,1;124
301,6;124
302,7;125
299,2;123
304,74;126
310,52;128
317,35;130
305,98;126
295,73;122
234,31;98
227,49;96
225,77;95
219,68;93
214,19;91
206,48;88
203,3;86
199,93;85
198,14;85
203,14;86
206,97;88
218,91;93
281,11;116
282,66;117
282,2;117
286,07;118
281,3;116
278,28;115
283,73;117
290,88;120
294,57;122
301,15;124
289,8;120
288,1;119
229,27;96
228,86;96
226,75;96
221,32;93
219,31;93
213,71;91
211,96;90
205,77;87
202,58;86
203,64;87
200,87;86
206,63;88
211,53;90
223,02;94
224,36;95
228,52;96
226,68;95
221,12;93
218,02;92
221,52;94
225,8;95
229,38;97
229,52;97
224,86;95
214;91
204,11;87
204,55;87
196,58;84
198,8;85
194,61;83
193,18;83
187,31;80
187,19;80
184,34;79
180,92;78
185,02;79
193,7;83
205,41;87
205,34;87
212,41;90
208,27;88
200,15;85
195,37;83
196,97;84
210,47;89
220,97;93
222,51;94
214,28;91
207;88
207,55;88
210,21;89
201,17;86
201,66;86
196,2;84
195,19;83
192,24;82
194,37;83
206,9;88
223,75;94
240,08;101
293,83;121
285,94;118
284,79;118
284,27;118
284,11;118
285,38;118
286,94;119
293,44;121
295,84;122
301,78;124
297,83;123
290,96;120
227,86;96
218,76;92
216,7;92
206,13;88
204,6;87
204,14;87
200,29;85
196,97;84
199,06;85
206,15;88
216,28;91
241,49;101
299,41;123
301,25;124
299,53;124
304,72;126
304,5;125
303,3;125
303,83;125
307,4;127
311,2;128
322,7;132
311,93;128
306,3;126
244,42;102
237,41;100
234,19;98
225,32;95
225,82;95
222,65;94
219,03;93
217,29;92
218,52;92
224,41;95
237,08;99
262,97;109
336,22;138
337,62;138
335,53;137
332,58;136
330,69;135
328,44;135
329,79;135
328,02;134
335,16;137
343,99;141
333,12;136
314,65;129
245,25;103
232,32;98
227,82;96
216,38;92
207,41;88
205,54;87
202,99;86
199,59;85
201,51;86
209,73;89
216,99;92
236,94;99
301,15;124
304,13;125
300,6;124
301,1;124
301,6;124
302,7;125
299,2;123
304,74;126
310,52;128
317,35;130
305,98;126
295,73;122
234,31;98
227,49;96
225,77;95
219,68;93
214,19;91
206,48;88
203,3;86
199,93;85
198,14;85
203,14;86
206,97;88
218,91;93
281,11;116
282,66;117
282,2;117
286,07;118
281,3;116
278,28;115
283,73;117
290,88;120
294,57;122
301,15;124
289,8;120
288,1;119
229,27;96
228,86;96
226,75;96
221,32;93
219,31;93
213,71;91
211,96;90
205,77;87
202,58;86
203,64;87
200,87;86
206,63;88
211,53;90
223,02;94
224,36;95
228,52;96
226,68;95
221,12;93
218,02;92
221,52;94
225,8;95
229,38;97
229,52;97
224,86;95
214;91
204,11;87
204,55;87
196,58;84
198,8;85
194,61;83
193,18;83
187,31;80
187,19;80
184,34;79
180,92;78
185,02;79
193,7;83
205,41;87
205,34;87
212,41;90
208,27;88
200,15;85
195,37;83
196,97;84
210,47;89
220,97;93
222,51;94
214,28;91
207;88
207,55;88
210,21;89
201,17;86
201,66;86
196,2;84
195,19;83
192,24;82
194,37;83
206,9;88
223,75;94
240,08;101
293,83;121
285,94;118
284,79;118
284,27;118
284,11;118
285,38;118
286,94;119
293,44;121
295,84;122
301,78;124
297,83;123
290,96;120
227,86;96
218,76;92
216,7;92
206,13;88
204,6;87
204,14;87
200,29;85
196,97;84
199,06;85
206,15;88
216,28;91
241,49;101
299,41;123
301,25;124
299,53;124
304,72;126
304,5;125
303,3;125
303,83;125
307,4;127
311,2;128
322,7;132
311,93;128
306,3;126
244,42;102
237,41;100
234,19;98
225,32;95
225,82;95
222,65;94
219,03;93
217,29;92
218,52;92
224,41;95
237,08;99
262,97;109
336,22;138
337,62;138
335,53;137
332,58;136
330,69;135
328,44;135
329,79;135
328,02;134
335,16;137
343,99;141
333,12;136
314,65;129
245,25;103
232,32;98
227,82;96
216,38;92
207,41;88
205,54;87
202,99;86
199,59;85
201,51;86
209,73;89
216,99;92
236,94;99
301,15;124
304,13;125
300,6;124
301,1;124
301,6;124
302,7;125
299,2;123
304,74;126
310,52;128
317,35;130
305,98;126
295,73;122
234,31;98
227,49;96
225,77;95
219,68;93
214,19;91
206,48;88
203,3;86
199,93;85
198,14;85
203,14;86
206,97;88
218,91;93
281,11;116
282,66;117
282,2;117
286,07;118
281,3;116
278,28;115
283,73;117
290,88;120
294,57;122
301,15;124
289,8;120
288,1;119
229,27;96
228,86;96
226,75;96
221,32;93
219,31;93
213,71;91
211,96;90
205,77;87
202,58;86
203,64;87
200,87;86
206,63;88
211,53;90
223,02;94
224,36;95
228,52;96
226,68;95
221,12;93
218,02;92
221,52;94
225,8;95
229,38;97
229,52;97
224,86;95
214;91
204,11;87
204,55;87
196,58;84
198,8;85
194,61;83
193,18;83
187,31;80
187,19;80
184,34;79
180,92;78
185,02;79
193,7;83
205,41;87
205,34;87
212,41;90
208,27;88
200,15;85
195,37;83
196,97;84
210,47;89
220,97;93
222,51;94
214,28;91
207;88
207,55;88
210,21;89
201,17;86
201,66;86
196,2;84
195,19;83
192,24;82
194,37;83
206,9;88
223,75;94
240,08;101
293,83;121
285,94;118
284,79;118
284,27;118
284,11;118
285,38;118
286,94;119
293,44;121
295,84;122
301,78;124
297,83;123
290,96;120
227,86;96
218,76;92
216,7;92
206,13;88
178,56;77
181,05;78
178,97;77
173,24;75
175,7;76
186,46;80
187;80
210,98;89
267,6;111
278,01;115
280,44;116
284,91;118
286,89;119
285,07;118
282,59;117
286,5;118
290,43;120
296,57;122
288,89;119
283,36;117
227,13;96
223,83;94
222,41;94
214,86;91
178,12;77
174,21;75
168,03;73
160,79;70
162,55;71
170,66;74
165,3;72
178,27;77
241,55;101
257,99;108
266,42;111
273,54;114
273,76;114
268,32;112
267,63;111
273,36;113
279,47;116
281,99;117
278,91;116
275,15;114
222,66;94
223,17;94
223,83;94
217,98;92
213,28;90
197,83;84
188,5;81
179,18;77
176,97;76
177,99;77
177,65;77
182,82;79
248,43;104
258,59;108
261,06;109
269;112
262,18;109
252,98;106
253,22;106
257,45;107
262,52;109
264,22;110
261,24;109
257,96;108
201,22;86
193,1;83
193,55;83
181,57;78
218,32;92
205,68;87
200,83;86
192,93;83
189,47;81
192,12;82
194,47;83
204,06;87
265,06;110
269,1;112
266,16;111
270,77;112
263,43;110
256,92;107
257,76;107
261,92;109
264,72;110
267,53;111
259,67;108
256,56;107
197,64;84
188,93;81
187,87;81
175,85;76
219,31;93
213,71;91
211,96;90
205,77;87
202,58;86
203,64;87
200,87;86
206,63;88
211,53;90
223,02;94
224,36;95
228,52;96
226,68;95
221,12;93
218,02;92
221,52;94
225,8;95
229,38;97
229,52;97
224,86;95
214;91
204,11;87
204,55;87
196,58;84
198,8;85
194,61;83
193,18;83
187,31;80
187,19;80
184,34;79
180,92;78
185,02;79
193,7;83
205,41;87
205,34;87
212,41;90
208,27;88
200,15;85
195,37;83
196,97;84
210,47;89
220,97;93
222,51;94
214,28;91
207;88
207,55;88
210,21;89
201,17;86
201,66;86
196,2;84
195,19;83
192,24;82
194,37;83
206,9;88
223,75;94
240,08;101
293,83;121
285,94;118
284,79;118
284,27;118
284,11;118
285,38;118
286,94;119
293,44;121
295,84;122
301,78;124
297,83;123
290,96;120
227,86;96
218,76;92
216,7;92